t,mean_abs_error_y,mean_abs_error_Z_S,mean_rel_error_Z_S,mean_abs_error_Z_H,mean_rel_error_Z_H,mean_abs_error_Z_V,mean_rel_error_Z_V,mean_abs_error_Z_X,mean_rel_error_Z_X
0.0,154.2215576171875,1.6261438131332397,0.2107391655445099,0.211001917719841,21100196.0,0.6952550411224365,1.2230119705200195,0.0,0.0
0.11999999731779099,154.30287170410156,1.2054455280303955,0.1975102424621582,0.14795641601085663,14795635.0,0.6450748443603516,0.5500781536102295,0.0,0.0
0.23999999463558197,154.21731567382812,0.9852972626686096,0.19066733121871948,0.09671487659215927,9671493.0,0.6159355640411377,0.7402299642562866,0.0,0.0
0.35999998450279236,154.04205322265625,1.0092394351959229,0.19384947419166565,0.07401276379823685,7401273.5,0.6207634806632996,0.6366958618164062,0.0,0.0
0.47999998927116394,153.8646240234375,1.0719976425170898,0.20703229308128357,0.06631658971309662,6631651.0,0.6294940710067749,0.6365858912467957,0.0,0.0
0.5999999642372131,153.72900390625,1.0970165729522705,0.2134697586297989,0.05913199856877327,5913197.0,0.6358336210250854,0.8100515604019165,0.0,0.0
0.7199999690055847,153.58995056152344,1.1559823751449585,0.22906580567359924,0.0557449534535408,5574498.5,0.6407266855239868,0.6327497959136963,0.0,0.0
0.8399999737739563,153.45742797851562,1.1804988384246826,0.3082130551338196,0.05137950927019119,5137954.0,0.6403241753578186,0.4559730589389801,0.0,0.0
0.9599999785423279,153.29605102539062,1.2506250143051147,0.268311470746994,0.04807674512267113,4807673.0,0.6487525105476379,1.3061715364456177,0.0,0.0
1.0799999237060547,153.2054901123047,1.250146746635437,0.2839171588420868,0.04496186599135399,4496189.5,0.6534423232078552,0.46475496888160706,0.0,0.0
1.1999999284744263,153.141357421875,1.2252917289733887,0.2532568573951721,0.04291672632098198,4291672.5,0.6580796241760254,1.1013771295547485,0.0,0.0
1.3199999332427979,153.04733276367188,1.2451112270355225,0.6080669164657593,0.04184471815824509,4184473.0,0.6627137660980225,0.6216593980789185,0.0,0.0
1.4399999380111694,152.97474670410156,1.2761582136154175,0.4219939708709717,0.0393206886947155,3932069.5,0.6600752472877502,0.5342814326286316,0.0,0.0
1.559999942779541,152.8964080810547,1.2743715047836304,0.2856982350349426,0.03765816614031792,3765816.25,0.6592052578926086,0.564018726348877,0.0,0.0
1.6799999475479126,152.83177185058594,1.2411441802978516,0.3310028910636902,0.035090479999780655,3509049.25,0.6658214330673218,0.5892991423606873,0.0,0.0
1.7999999523162842,152.74603271484375,1.2585266828536987,0.488059937953949,0.03397015482187271,3397014.75,0.6647407412528992,0.48977985978126526,0.0,0.0
1.9199999570846558,152.6361541748047,1.2880955934524536,0.42238709330558777,0.032167647033929825,3216762.5,0.6566910147666931,0.4262706935405731,0.0,0.0
2.0399999618530273,152.5885772705078,1.2439826726913452,0.46028050780296326,0.03085295297205448,3085299.0,0.6607427000999451,0.6254879236221313,0.0,0.0
2.1599998474121094,152.54161071777344,1.2541992664337158,0.34462013840675354,0.028583776205778122,2858377.5,0.6612541079521179,0.5910402536392212,0.0,0.0
2.2799997329711914,152.4592742919922,1.269697666168213,0.34594959020614624,0.028678670525550842,2867867.75,0.6577145457267761,0.45071643590927124,0.0,0.0
2.3999996185302734,152.41427612304688,1.254220962524414,0.46857330203056335,0.02597186341881752,2597189.5,0.6583861112594604,0.4175018072128296,0.0,0.0
2.5199995040893555,152.32327270507812,1.2940740585327148,0.5119547247886658,0.025876838713884354,2587681.0,0.6525014638900757,0.757826030254364,0.0,0.0
2.6399993896484375,152.2532196044922,1.2787482738494873,0.43272534012794495,0.024434227496385574,2443423.25,0.6394400000572205,0.5036188364028931,0.0,0.0
2.7599992752075195,152.17529296875,1.290033221244812,0.6294508576393127,0.023785406723618507,2378539.75,0.6298136711120605,0.41333138942718506,0.0,0.0
2.8799991607666016,152.10357666015625,1.290919542312622,0.7107646465301514,0.023250026628375053,2325002.25,0.6249125599861145,0.36602216958999634,0.0,0.0
2.9999990463256836,152.0535888671875,1.2586086988449097,0.46891599893569946,0.02211163379251957,2211163.25,0.6212008595466614,0.40226972103118896,0.0,0.0
3.1199989318847656,151.9662628173828,1.2836458683013916,0.4414612054824829,0.02186243236064911,2186244.75,0.6063076853752136,0.7819199562072754,0.0,0.0
3.2399988174438477,151.88963317871094,1.298065423965454,0.42425182461738586,0.021662522107362747,2166252.5,0.6001989841461182,0.6372377276420593,0.0,0.0
3.3599987030029297,151.83937072753906,1.2880127429962158,0.5751773715019226,0.02140328846871853,2140329.25,0.593425452709198,0.39593541622161865,0.0,0.0
3.4799985885620117,151.8272705078125,1.2012770175933838,0.46070703864097595,0.02000628598034382,2000628.875,0.5925768613815308,0.4490741789340973,0.0,0.0
3.5999984741210938,151.77090454101562,1.2029036283493042,0.3999311625957489,0.019708173349499702,1970818.125,0.5836649537086487,0.417397677898407,0.0,0.0
3.719998359680176,151.73895263671875,1.1524109840393066,0.3572200834751129,0.01943695731461048,1943697.0,0.5856900215148926,0.41408923268318176,0.0,0.0
3.839998245239258,151.69650268554688,1.1451568603515625,0.5982459783554077,0.01951487921178341,1951488.25,0.5817481279373169,0.44217434525489807,0.0,0.0
3.95999813079834,151.6265106201172,1.1394362449645996,0.5254004001617432,0.01971164532005787,1971165.5,0.5772619843482971,0.4200921654701233,0.0,0.0
4.079998016357422,151.5664520263672,1.1341469287872314,0.2624129056930542,0.019670093432068825,1967009.625,0.5740172863006592,2.608898878097534,0.0,0.0
4.199997901916504,151.46548461914062,1.1742818355560303,0.29815125465393066,0.01993417739868164,1993414.625,0.572665274143219,0.7079078555107117,0.0,0.0
4.319997787475586,151.3749542236328,1.1945525407791138,0.27858200669288635,0.019365698099136353,1936568.75,0.5707578063011169,0.49450212717056274,0.0,0.0
4.439997673034668,151.29513549804688,1.2269130945205688,0.3170424699783325,0.019673965871334076,1967397.75,0.5662291049957275,0.37863636016845703,0.0,0.0
4.55999755859375,151.236572265625,1.2080044746398926,0.35887935757637024,0.019403381273150444,1940340.75,0.565571129322052,0.33421123027801514,0.0,0.0
4.679997444152832,151.14627075195312,1.2212164402008057,0.5639335513114929,0.019703932106494904,1970394.0,0.5565009713172913,0.3419465124607086,0.0,0.0
4.799997329711914,151.06056213378906,1.2357908487319946,0.27903735637664795,0.01941751129925251,1941751.0,0.5485179424285889,0.44003644585609436,0.0,0.0
4.919997215270996,150.99880981445312,1.2353014945983887,0.2950980067253113,0.019541386514902115,1954137.625,0.5515163540840149,0.45621106028556824,0.0,0.0
5.039997100830078,150.92852783203125,1.1981772184371948,0.3580210506916046,0.020141476765275,2014149.625,0.5455716848373413,0.3689572811126709,0.0,0.0
5.15999698638916,150.86509704589844,1.1780142784118652,0.4901914894580841,0.020779140293598175,2077914.875,0.5441843867301941,0.3162660300731659,0.0,0.0
5.279996871948242,150.7823944091797,1.1876356601715088,0.2795439660549164,0.021050548180937767,2105055.25,0.5406450629234314,0.43880602717399597,0.0,0.0
5.399996757507324,150.72328186035156,1.1873548030853271,0.5014004707336426,0.020320413634181023,2032041.625,0.5344388484954834,0.311646044254303,0.0,0.0
5.519996643066406,150.64614868164062,1.2086772918701172,0.33432096242904663,0.01968671940267086,1968671.875,0.5250622630119324,0.30042269825935364,0.0,0.0
5.639996528625488,150.6156768798828,1.178952693939209,0.2605695426464081,0.019697098061442375,1969707.625,0.5233073830604553,0.3507424592971802,0.0,0.0
5.75999641418457,150.54837036132812,1.1730854511260986,0.2831609845161438,0.019296063110232353,1929605.375,0.5215358138084412,0.35312074422836304,0.0,0.0
5.879996299743652,150.4759521484375,1.172082543373108,0.3098223805427551,0.020319126546382904,2031913.75,0.5164269208908081,0.7820165157318115,0.0,0.0
5.999996185302734,150.40927124023438,1.1677615642547607,0.2738676071166992,0.020170917734503746,2017092.875,0.5090163946151733,0.29923921823501587,0.0,0.0
6.119996070861816,150.3599090576172,1.148401141166687,0.5422669649124146,0.019999496638774872,1999948.5,0.5085002779960632,0.2945833206176758,0.0,0.0
6.239995956420898,150.32843017578125,1.1311489343643188,0.41097280383110046,0.019334454089403152,1933446.125,0.49947604537010193,0.3935999870300293,0.0,0.0
6.3599958419799805,150.2632598876953,1.1351596117019653,0.7222219705581665,0.01942715048789978,1942715.75,0.49219417572021484,0.5042605400085449,0.0,0.0
6.4799957275390625,150.21107482910156,1.1352111101150513,0.29744312167167664,0.018406173214316368,1840616.75,0.47999581694602966,0.31519815325737,0.0,0.0
6.5999956130981445,150.14794921875,1.1366112232208252,0.2703281342983246,0.018739067018032074,1873907.375,0.4820804297924042,0.2894417941570282,0.0,0.0
6.719995498657227,150.11024475097656,1.1258082389831543,0.28375160694122314,0.01835380680859089,1835378.5,0.47095951437950134,0.3941773474216461,0.0,0.0
6.839995384216309,150.04261779785156,1.1369000673294067,0.2687700688838959,0.01728876493871212,1728875.25,0.4652750790119171,0.44035860896110535,0.0,0.0
6.959995269775391,150.00537109375,1.1263840198516846,0.26064616441726685,0.016816584393382072,1681658.875,0.4596615731716156,0.39364296197891235,0.0,0.0
7.079995155334473,149.95114135742188,1.119383692741394,0.28592681884765625,0.01656874641776085,1656872.25,0.4530581831932068,0.3565976917743683,0.0,0.0
7.199995040893555,149.87481689453125,1.1433610916137695,0.31635862588882446,0.016163107007741928,1616313.75,0.44744637608528137,0.32338598370552063,0.0,0.0
7.319994926452637,149.8354949951172,1.0971425771713257,0.2402810901403427,0.01644017919898033,1644016.375,0.44284164905548096,0.30217915773391724,0.0,0.0
7.439994812011719,149.7759246826172,1.0944815874099731,0.3118768036365509,0.01602034829556942,1602035.125,0.43803825974464417,0.612596333026886,0.0,0.0
7.559994697570801,149.7200927734375,1.109503149986267,0.25005707144737244,0.01557246781885624,1557244.875,0.42983385920524597,0.3363353908061981,0.0,0.0
7.679994583129883,149.67776489257812,1.1159659624099731,0.2373039871454239,0.015207228250801563,1520723.75,0.4310356676578522,0.2973306179046631,0.0,0.0
7.799994468688965,149.69346618652344,1.0582075119018555,0.24800612032413483,0.01499960571527481,1499961.875,0.4297671318054199,0.3045274019241333,0.0,0.0
7.919994354248047,149.63470458984375,1.0856388807296753,0.26396435499191284,0.015431670472025871,1543168.25,0.425481915473938,0.5469875931739807,0.0,0.0
8.039994239807129,149.62188720703125,1.053525447845459,0.2908901870250702,0.015135843306779861,1513584.625,0.42506223917007446,0.5231227874755859,0.0,0.0
8.159994125366211,149.60009765625,1.0393215417861938,0.2248915582895279,0.015763552859425545,1576353.875,0.4187375009059906,0.3775436580181122,0.0,0.0
8.279994010925293,149.54852294921875,1.0334630012512207,0.2560536563396454,0.01540062390267849,1540062.125,0.40939781069755554,0.8687009215354919,0.0,0.0
8.399993896484375,149.50531005859375,1.0387495756149292,0.32616618275642395,0.01577109657227993,1577109.75,0.3986789882183075,0.3382861912250519,0.0,0.0
8.519993782043457,149.44500732421875,1.0613638162612915,0.24510449171066284,0.01585834100842476,1585833.75,0.3854546546936035,0.3153567612171173,0.0,0.0
8.639993667602539,149.37713623046875,1.099246621131897,0.27496209740638733,0.015634866431355476,1563487.625,0.37793946266174316,0.34300586581230164,0.0,0.0
8.759993553161621,149.34483337402344,1.1095904111862183,0.22677306830883026,0.01565926894545555,1565926.625,0.36870551109313965,0.31144991517066956,0.0,0.0
8.879993438720703,149.31689453125,1.106837272644043,0.21551883220672607,0.015578831546008587,1557883.125,0.36287569999694824,0.30785512924194336,0.0,0.0
8.999993324279785,149.2772674560547,1.1239798069000244,0.22255480289459229,0.01586202345788479,1586202.0,0.3559037148952484,0.2716743052005768,0.0,0.0
9.119993209838867,149.25563049316406,1.0944883823394775,0.26212751865386963,0.015297237783670425,1529723.75,0.34828516840934753,0.4214586615562439,0.0,0.0
9.23999309539795,149.22430419921875,1.0915496349334717,0.2148292064666748,0.01551570650190115,1551572.25,0.34256473183631897,0.30390775203704834,0.0,0.0
9.359992980957031,149.1962127685547,1.1020673513412476,0.21052023768424988,0.015224884264171124,1522487.125,0.3365735113620758,0.30091363191604614,0.0,0.0
9.479992866516113,149.19493103027344,1.0591309070587158,0.21159660816192627,0.01556049007922411,1556049.375,0.33345332741737366,0.2866014838218689,0.0,0.0
9.599992752075195,149.18959045410156,1.051806926727295,0.22691509127616882,0.015573126263916492,1557314.25,0.3322387635707855,0.2862764298915863,0.0,0.0
9.719992637634277,149.15516662597656,1.0727952718734741,0.25584420561790466,0.01573358289897442,1573357.875,0.33142462372779846,0.29837167263031006,0.0,0.0
9.83999252319336,149.10275268554688,1.08259117603302,0.3757403790950775,0.01623544655740261,1623545.25,0.32862451672554016,5.067633152008057,0.0,0.0
9.959992408752441,149.09625244140625,1.0853962898254395,0.20911115407943726,0.016664011403918266,1666403.125,0.3296753168106079,0.61861652135849,0.0,0.0
10.079992294311523,149.07470703125,1.0695644617080688,0.22662511467933655,0.01692318543791771,1692319.625,0.32909801602363586,0.3495553135871887,0.0,0.0
10.199992179870605,149.02301025390625,1.087014079093933,0.2182568907737732,0.016938699409365654,1693870.375,0.3266630470752716,0.2584454119205475,0.0,0.0
10.319992065429688,149.0067138671875,1.087500810623169,0.25080406665802,0.016251731663942337,1625173.0,0.32537004351615906,0.6937338709831238,0.0,0.0
10.43999195098877,149.0300750732422,1.0459308624267578,0.2078637033700943,0.015877339988946915,1587733.875,0.322270005941391,0.45238545536994934,0.0,0.0
10.559991836547852,149.02243041992188,1.0235008001327515,0.30252349376678467,0.015501907095313072,1550192.0,0.3238047957420349,0.37837445735931396,0.0,0.0
10.679991722106934,148.99612426757812,0.9995183944702148,0.24710789322853088,0.015187621116638184,1518762.875,0.3228687345981598,0.4258333444595337,0.0,0.0
10.799991607666016,148.9547882080078,1.0205765962600708,0.28131917119026184,0.01528431661427021,1528430.625,0.31796032190322876,0.34003016352653503,0.0,0.0
10.919991493225098,148.91998291015625,1.0168699026107788,0.40461164712905884,0.015346682630479336,1534668.125,0.31545382738113403,0.49739617109298706,0.0,0.0
11.03999137878418,148.8848114013672,1.0136003494262695,0.46444985270500183,0.01494960580021143,1494962.0,0.3164844810962677,0.37481600046157837,0.0,0.0
11.159991264343262,148.83248901367188,1.0125867128372192,0.25470858812332153,0.01489247102290392,1489247.0,0.3187781870365143,0.4775232970714569,0.0,0.0
11.279991149902344,148.81192016601562,1.0076789855957031,0.2327473908662796,0.014040556736290455,1404054.5,0.32187125086784363,2.585703134536743,0.0,0.0
11.399991035461426,148.7742156982422,1.005704641342163,0.25645336508750916,0.01376955583691597,1376954.5,0.3243105411529541,0.35124996304512024,0.0,0.0
11.519990921020508,148.71188354492188,1.0214951038360596,0.26740577816963196,0.013793283142149448,1379328.75,0.3283817172050476,0.4688536822795868,0.0,0.0
11.63999080657959,148.68707275390625,0.9814785122871399,0.5007107257843018,0.013621997088193893,1362198.0,0.33141791820526123,0.7890677452087402,0.0,0.0
11.759990692138672,148.6456756591797,0.9534870386123657,0.24660535156726837,0.013376729562878609,1337672.75,0.33801472187042236,0.4285593628883362,0.0,0.0
11.879990577697754,148.5924072265625,0.9461660385131836,0.2306985706090927,0.013879476115107536,1387946.75,0.3429451584815979,7.6720991134643555,0.0,0.0
11.999990463256836,148.60076904296875,0.8828333020210266,0.2653677463531494,0.014789766632020473,1478976.5,0.3507392704486847,0.48882919549942017,0.0,0.0
12.119999885559082,148.57308959960938,0.8733503222465515,0.9317237734794617,0.008183305151760578,818330.9375,0.3612964451313019,0.46352267265319824,0.0,0.0
12.239999771118164,148.54721069335938,0.9076094627380371,0.324495404958725,0.007211693096905947,721170.1875,0.3737871050834656,0.3558717668056488,0.0,0.0
12.359999656677246,148.52792358398438,0.9290589094161987,0.29000335931777954,0.006269083358347416,626908.375,0.38967710733413696,0.36248326301574707,0.0,0.0
12.479999542236328,148.49436950683594,0.9656535387039185,0.35025835037231445,0.005762522574514151,576252.625,0.3988853693008423,0.7356348633766174,0.0,0.0
12.600000381469727,148.43955993652344,1.002667784690857,0.4408433735370636,0.005328559782356024,532855.5625,0.4119829833507538,0.780310869216919,0.0,0.0
12.720000267028809,148.35968017578125,1.0447279214859009,0.792280375957489,0.005130111239850521,513010.96875,0.42678457498550415,0.3983824551105499,0.0,0.0
12.84000015258789,148.33297729492188,1.0639666318893433,0.3779307007789612,0.004864268470555544,486427.75,0.4404405355453491,0.4088568687438965,0.0,0.0
12.960000038146973,148.2826690673828,1.0896371603012085,0.9942420125007629,0.004840212408453226,484020.8125,0.4532611072063446,0.4576226770877838,0.0,0.0
13.079999923706055,148.1942901611328,1.1379793882369995,0.9353266358375549,0.005029796157032251,502979.40625,0.4661121666431427,0.420418918132782,0.0,0.0
13.199999809265137,148.146728515625,1.1204262971878052,0.39564982056617737,0.004940676502883434,494067.40625,0.4816380739212036,1.0891119241714478,0.0,0.0
13.319999694824219,148.10110473632812,1.1248555183410645,0.35207441449165344,0.00498164352029562,498164.375,0.49190381169319153,0.40635883808135986,0.0,0.0
13.4399995803833,148.08111572265625,1.0839344263076782,0.3294065594673157,0.005002851597964764,500284.625,0.5074471831321716,0.4109558165073395,0.0,0.0
13.559999465942383,147.98629760742188,1.1384508609771729,0.29263633489608765,0.005011027213186026,501102.5625,0.515574038028717,0.611641526222229,0.0,0.0
13.680000305175781,147.90138244628906,1.1489683389663696,0.40230169892311096,0.00503080477938056,503080.125,0.523280680179596,0.36450448632240295,0.0,0.0
13.800000190734863,147.84225463867188,1.1491776704788208,0.37855252623558044,0.00502181239426136,502181.40625,0.5381523370742798,0.4430595934391022,0.0,0.0
13.920000076293945,147.76882934570312,1.1148391962051392,0.3018190860748291,0.005071262363344431,507126.8125,0.5482810735702515,0.46910160779953003,0.0,0.0
14.039999961853027,147.646484375,1.1847320795059204,0.4297049641609192,0.005083248484879732,508325.03125,0.5615377426147461,0.47164276242256165,0.0,0.0
14.15999984741211,147.52459716796875,1.2097668647766113,0.404263436794281,0.005083182360976934,508318.1875,0.5709643959999084,0.8898220062255859,0.0,0.0
14.279999732971191,147.42379760742188,1.2024831771850586,0.5081192255020142,0.005002303514629602,500230.5,0.5826117396354675,0.5534034371376038,0.0,0.0
14.399999618530273,147.32411193847656,1.1985785961151123,0.33270612359046936,0.0049695284105837345,496952.96875,0.5953418612480164,0.5450030565261841,0.0,0.0
14.519999504089355,147.2295684814453,1.2013601064682007,0.4688246548175812,0.004813314415514469,481330.75,0.6023692488670349,0.4297164976596832,0.0,0.0
14.639999389648438,147.12062072753906,1.2121479511260986,0.2748414874076843,0.004698136821389198,469813.75,0.6167126893997192,0.5380387306213379,0.0,0.0
14.75999927520752,147.01844787597656,1.2352347373962402,0.3163283169269562,0.004648259375244379,464825.5625,0.6288528442382812,0.43123316764831543,0.0,0.0
14.879999160766602,146.9405975341797,1.2208129167556763,0.27204984426498413,0.004507655277848244,450765.71875,0.6458583474159241,3.5723471641540527,0.0,0.0
14.999999046325684,146.9149932861328,1.1546484231948853,0.29948610067367554,0.004459440242499113,445943.40625,0.6721625924110413,0.43507683277130127,0.0,0.0
15.119998931884766,146.8221435546875,1.1458604335784912,0.3883800804615021,0.004411038011312485,441103.65625,0.6908273100852966,0.5647197365760803,0.0,0.0
15.239998817443848,146.69711303710938,1.138473391532898,0.3118496239185333,0.004386110231280327,438611.03125,0.7038574814796448,1.329267978668213,0.0,0.0
15.35999870300293,146.55068969726562,1.1358513832092285,0.29583942890167236,0.004369727801531553,436973.21875,0.719658374786377,0.5300220847129822,0.0,0.0
15.479998588562012,146.3599090576172,1.155418872833252,0.34703153371810913,0.004331886302679777,433188.59375,0.7318352460861206,0.5028267502784729,0.0,0.0
15.599998474121094,146.22683715820312,1.166711449623108,0.29640868306159973,0.00433141877874732,433141.40625,0.7409114241600037,0.7611733078956604,0.0,0.0
15.719998359680176,146.10546875,1.1249397993087769,0.31878700852394104,0.004383680876344442,438367.96875,0.7591069936752319,0.6213772296905518,0.0,0.0
15.839998245239258,145.97508239746094,1.1232516765594482,0.3928202986717224,0.004318106919527054,431811.09375,0.7775988578796387,0.5476609468460083,0.0,0.0
15.95999813079834,145.81304931640625,1.1406123638153076,0.34339261054992676,0.004278224892914295,427822.59375,0.7975457906723022,0.7565898895263672,0.0,0.0
16.079998016357422,145.7044219970703,1.0915790796279907,0.2865080237388611,0.004207513760775328,420751.375,0.8109657168388367,0.5299331545829773,0.0,0.0
16.199996948242188,145.5724334716797,1.0947586297988892,0.487051784992218,0.004204935859888792,420493.5625,0.830638587474823,0.5036009550094604,0.0,0.0
16.319997787475586,145.38967895507812,1.121246576309204,0.3016393780708313,0.004066766705363989,406676.5,0.848963737487793,0.7672468423843384,0.0,0.0
16.439998626708984,145.23529052734375,1.120985746383667,0.35817331075668335,0.0040659913793206215,406599.15625,0.8684965968132019,0.5012143850326538,0.0,0.0
16.55999755859375,145.0919647216797,1.097082257270813,0.3098122179508209,0.004048681352287531,404867.75,0.8965460658073425,0.9202604293823242,0.0,0.0
16.679996490478516,144.93734741210938,1.076910138130188,0.28625065088272095,0.00397915905341506,397916.46875,0.9169003963470459,0.6242419481277466,0.0,0.0
16.799997329711914,144.70899963378906,1.1141644716262817,0.3020794689655304,0.0038807012606412172,388069.5625,0.9324782490730286,0.7270590662956238,0.0,0.0
16.919998168945312,144.5635223388672,1.1255873441696167,0.3642999529838562,0.0038224258460104465,382242.03125,0.9581863880157471,0.816958487033844,0.0,0.0
17.039997100830078,144.38455200195312,1.0781704187393188,0.39240288734436035,0.003786067245528102,378606.9375,0.9854544401168823,1.1400974988937378,0.0,0.0
17.159996032714844,144.19546508789062,1.054671049118042,0.36256492137908936,0.0036665229126811028,366652.40625,1.013822078704834,1.1760342121124268,0.0,0.0
17.279996871948242,143.99111938476562,1.0740201473236084,0.39198973774909973,0.0037438564468175173,374385.46875,1.0334441661834717,0.6921777725219727,0.0,0.0
17.39999771118164,143.77748107910156,1.1008390188217163,0.393584668636322,0.0037440527230501175,374405.28125,1.060338020324707,2.1631784439086914,0.0,0.0
17.519996643066406,143.51287841796875,1.1370205879211426,0.7731810808181763,0.003645564429461956,364556.3125,1.0844712257385254,1.1813558340072632,0.0,0.0
17.639995574951172,143.26840209960938,1.163465142250061,0.3525238335132599,0.0035731908865273,357318.9375,1.1100127696990967,1.3203085660934448,0.0,0.0
17.75999641418457,143.04153442382812,1.1514946222305298,0.7710238099098206,0.0035398623440414667,353986.53125,1.1464991569519043,0.9552971720695496,0.0,0.0
17.87999725341797,142.8147430419922,1.192341923713684,0.30404359102249146,0.003549451008439064,354945.1875,1.17724609375,1.0348925590515137,0.0,0.0
17.999996185302734,142.57615661621094,1.1426790952682495,0.509229302406311,0.003486061468720436,348606.8125,1.215620756149292,1.140791893005371,0.0,0.0
18.1199951171875,142.28941345214844,1.1603827476501465,0.3819328844547272,0.0036057813558727503,360577.75,1.2430189847946167,1.6877965927124023,0.0,0.0
18.2399959564209,142.04324340820312,1.1646997928619385,0.9585155248641968,0.0036214753054082394,362147.25,1.27711021900177,1.8417620658874512,0.0,0.0
18.359996795654297,141.74746704101562,1.1786742210388184,0.34415239095687866,0.00370335066691041,370335.0625,1.311293601989746,1.6165332794189453,0.0,0.0
18.479995727539062,141.42153930664062,1.17836594581604,0.3898525834083557,0.0036456193774938583,364561.59375,1.3399314880371094,2.7900137901306152,0.0,0.0
18.599994659423828,141.10263061523438,1.2044700384140015,0.2988598644733429,0.0036516645923256874,365166.28125,1.3761048316955566,1.6495004892349243,0.0,0.0
18.719995498657227,140.77565002441406,1.2146213054656982,0.34824299812316895,0.0036215956788510084,362159.5,1.417518138885498,2.001657247543335,0.0,0.0
18.839996337890625,140.4053955078125,1.2131544351577759,0.3306630253791809,0.0037021690513938665,370217.03125,1.4609318971633911,1.6486141681671143,0.0,0.0
18.95999526977539,140.1029510498047,1.1624629497528076,0.37781357765197754,0.003771489951759577,377149.28125,1.4979767799377441,1.6620506048202515,0.0,0.0
19.079994201660156,139.6569366455078,1.1874260902404785,0.4143728017807007,0.003794661955907941,379466.25,1.534419298171997,2.2132999897003174,0.0,0.0
19.199995040893555,139.2189483642578,1.177776575088501,0.6499091386795044,0.0038406290113925934,384063.0,1.5826659202575684,1.9168622493743896,0.0,0.0
19.319995880126953,138.8140869140625,1.1630351543426514,0.3558793067932129,0.003918490372598171,391848.9375,1.6276620626449585,2.355212450027466,0.0,0.0
19.43999481201172,138.30438232421875,1.1768474578857422,0.3530139625072479,0.0039489977061748505,394899.5,1.6821244955062866,2.9084911346435547,0.0,0.0
19.559993743896484,137.77447509765625,1.2127219438552856,0.4288935363292694,0.0041422597132623196,414226.625,1.735284686088562,2.1441457271575928,0.0,0.0
19.679994583129883,137.3081817626953,1.1949156522750854,0.4427306652069092,0.004403591156005859,440358.9375,1.7945048809051514,2.053767204284668,0.0,0.0
19.79999542236328,136.7169189453125,1.214437484741211,0.36263877153396606,0.0046407259069383144,464072.59375,1.8464869260787964,10.203831672668457,0.0,0.0
19.919994354248047,136.17262268066406,1.2506070137023926,0.41732507944107056,0.004870645701885223,487064.3125,1.8973783254623413,4.0524797439575195,0.0,0.0
20.039993286132812,135.59169006347656,1.266707420349121,0.4154190719127655,0.005154963582754135,515496.71875,1.9539520740509033,4.557535648345947,0.0,0.0
20.15999412536621,134.96266174316406,1.298537015914917,0.5413041710853577,0.0055872295051813126,558723.375,2.008927345275879,2.9997735023498535,0.0,0.0
20.27999496459961,134.2906036376953,1.334404468536377,0.48293212056159973,0.00606483593583107,606484.125,2.0751655101776123,3.9686343669891357,0.0,0.0
20.399993896484375,133.6212921142578,1.3605800867080688,0.5392797589302063,0.0063838958740234375,638389.125,2.130864143371582,2.793886423110962,0.0,0.0
20.51999282836914,132.90708923339844,1.34641695022583,0.4408243000507355,0.006921608466655016,692160.0,2.198338270187378,6.825686931610107,0.0,0.0
20.63999366760254,132.1846923828125,1.3531522750854492,0.5238749384880066,0.0072442214004695415,724421.9375,2.2683908939361572,5.575603008270264,0.0,0.0
20.759994506835938,131.3789825439453,1.3591684103012085,0.7899113297462463,0.00786513276398182,786512.3125,2.3446743488311768,5.708924293518066,0.0,0.0
20.879993438720703,130.51116943359375,1.3699136972427368,0.49235987663269043,0.008346705697476864,834670.375,2.4124505519866943,3.521073341369629,0.0,0.0
20.99999237060547,129.6478729248047,1.3472610712051392,0.7336552739143372,0.008994287811219692,899429.4375,2.4802331924438477,24.921489715576172,0.0,0.0
21.119993209838867,128.75230407714844,1.3226408958435059,0.5884080529212952,0.009823355823755264,982336.1875,2.5614330768585205,4.0274248123168945,0.0,0.0
21.239994049072266,127.79015350341797,1.2766035795211792,0.6809395551681519,0.010716062970459461,1071606.875,2.6374030113220215,4.142764091491699,0.0,0.0
21.35999298095703,126.80846405029297,1.315004825592041,0.7323914766311646,0.011570695787668228,1157069.25,2.7081174850463867,9.162593841552734,0.0,0.0
21.479991912841797,125.78260803222656,1.3192652463912964,0.6765813827514648,0.012754500843584538,1275450.0,2.7731757164001465,5.702788829803467,0.0,0.0
21.599992752075195,124.7090835571289,1.3301769495010376,0.5176624655723572,0.013882462866604328,1388246.75,2.844836473464966,5.959170341491699,0.0,0.0
21.719993591308594,123.50714874267578,1.3805819749832153,0.5498796701431274,0.015111888758838177,1511189.625,2.908618211746216,7.783712863922119,0.0,0.0
21.83999252319336,122.2797622680664,1.4242885112762451,0.6348772644996643,0.016306085512042046,1630609.0,2.9625744819641113,17.420305252075195,0.0,0.0
21.959991455078125,121.15515899658203,1.4192297458648682,0.5334070920944214,0.017722954973578453,1772296.875,3.020407199859619,6.2927985191345215,0.0,0.0
22.079992294311523,119.94995880126953,1.3874475955963135,0.4947578012943268,0.018949557095766068,1894955.0,3.065998077392578,7.499328136444092,0.0,0.0
22.199993133544922,118.59032440185547,1.431916356086731,0.9741874933242798,0.020057545974850655,2005753.75,3.101003408432007,52.788936614990234,0.0,0.0
22.319992065429688,117.20596313476562,1.444890022277832,17.843555450439453,0.020913397893309593,2091338.625,3.129106283187866,5.841256618499756,0.0,0.0
22.439990997314453,115.76221466064453,1.4523789882659912,0.5558525919914246,0.021652527153491974,2165252.25,3.1559691429138184,7.78069543838501,0.0,0.0
22.55999183654785,114.31683349609375,1.4626268148422241,0.6467596888542175,0.02272547036409378,2272547.0,3.1959776878356934,13.71560287475586,0.0,0.0
22.67999267578125,112.81715393066406,1.4951153993606567,0.8403011560440063,0.024029385298490524,2402937.25,3.2277956008911133,8.959508895874023,0.0,0.0
22.799991607666016,111.26759338378906,1.4879099130630493,1.392173171043396,0.025904640555381775,2590466.25,3.2647790908813477,6.529767036437988,0.0,0.0
22.91999053955078,109.71031188964844,1.51076078414917,0.9879977703094482,0.028289325535297394,2828928.0,3.3296828269958496,25.12350082397461,0.0,0.0
23.03999137878418,108.19064331054688,1.4554080963134766,0.6958024501800537,0.031054260209202766,3105423.5,3.4168689250946045,6.160599231719971,0.0,0.0
23.159992218017578,106.52648162841797,1.4736050367355347,0.5994054079055786,0.03353964537382126,3353968.25,3.4890832901000977,5.165542125701904,0.0,0.0
23.279991149902344,104.83460998535156,1.4765198230743408,0.6560706496238708,0.03599276766180992,3599276.5,3.5519275665283203,5.416894435882568,0.0,0.0
23.39999008178711,103.14541625976562,1.4356906414031982,2.4640560150146484,0.0386398583650589,3863987.75,3.6175906658172607,6.515942573547363,0.0,0.0
23.519990921020508,101.40084075927734,1.3819855451583862,1.2502015829086304,0.04109589010477066,4109587.25,3.675574779510498,13.562527656555176,0.0,0.0
23.639991760253906,99.62895202636719,1.3552699089050293,0.593715250492096,0.04330941662192345,4330943.5,3.7183806896209717,10.839112281799316,0.0,0.0
23.759990692138672,97.8016357421875,1.3425458669662476,1.1579939126968384,0.04584265127778053,4584262.0,3.7190046310424805,4.744959354400635,0.0,0.0
23.879989624023438,95.95515441894531,1.3680272102355957,1.4481573104858398,0.04812104254961014,4812104.5,3.7080132961273193,7.942461967468262,0.0,0.0
23.999990463256836,94.098388671875,1.3819786310195923,1.118823528289795,0.050357624888420105,5035764.5,3.706713914871216,7.201286792755127,0.0,0.0
24.1200008392334,92.26140594482422,1.3972704410552979,0.591339647769928,0.05102092772722244,5102095.5,3.7104554176330566,6.323149681091309,0.0,0.0
24.239999771118164,90.4777603149414,1.4207051992416382,0.7378314733505249,0.048689618706703186,4868966.0,3.719998598098755,4.895476341247559,0.0,0.0
24.360000610351562,88.68061065673828,1.4465010166168213,0.5982834696769714,0.04632673040032387,4632673.0,3.7324328422546387,10.98546028137207,0.0,0.0
24.479999542236328,86.8841781616211,1.4589680433273315,0.546701967716217,0.04382602870464325,4382601.5,3.7366421222686768,6.011967182159424,0.0,0.0
24.600000381469727,85.05872344970703,1.4747031927108765,0.47032496333122253,0.04130223020911217,4130226.5,3.705979347229004,9.028932571411133,0.0,0.0
24.719999313354492,83.25066375732422,1.5440014600753784,0.44857388734817505,0.03869084641337395,3869087.0,3.673442840576172,6.107743740081787,0.0,0.0
24.84000015258789,81.45919036865234,1.6102306842803955,0.6095628142356873,0.03626767173409462,3626771.5,3.64046049118042,5.510983467102051,0.0,0.0
24.959999084472656,79.70275115966797,1.632547378540039,0.6690393090248108,0.03414606675505638,3414611.25,3.6054041385650635,4.137340068817139,0.0,0.0
25.079999923706055,78.08495330810547,1.6043570041656494,0.8568496704101562,0.032005056738853455,3200506.0,3.581198215484619,5.327510356903076,0.0,0.0
25.200000762939453,76.42613983154297,1.601135492324829,5.387467384338379,0.030025623738765717,3002562.75,3.5322980880737305,11.873067855834961,0.0,0.0
25.31999969482422,74.90937805175781,1.5297420024871826,0.5450118780136108,0.028183717280626297,2818368.75,3.5089993476867676,5.38480806350708,0.0,0.0
25.440000534057617,73.34990692138672,1.525293231010437,0.4704907238483429,0.026320934295654297,2632092.5,3.4815897941589355,5.746163368225098,0.0,0.0
25.559999465942383,71.84109497070312,1.5158665180206299,0.5249541401863098,0.024589991196990013,2458999.0,3.4575726985931396,3.86215877532959,0.0,0.0
25.68000030517578,70.28199768066406,1.5715978145599365,0.6763724088668823,0.02274313196539879,2274313.75,3.4101808071136475,5.233131408691406,0.0,0.0
25.799999237060547,68.84490966796875,1.4954516887664795,1.3039522171020508,0.02126932516694069,2126932.75,3.392930507659912,3.553187608718872,0.0,0.0
25.920000076293945,67.36380767822266,1.5371272563934326,0.6575921177864075,0.019852792844176292,1985279.625,3.3610453605651855,4.251807689666748,0.0,0.0
26.040000915527344,65.86553192138672,1.6073429584503174,0.645621120929718,0.01841789111495018,1841787.125,3.323805332183838,6.432178497314453,0.0,0.0
26.15999984741211,64.47915649414062,1.5722501277923584,0.5393666625022888,0.017117947340011597,1711793.0,3.324155807495117,5.989581108093262,0.0,0.0
26.279998779296875,63.0975456237793,1.5922201871871948,0.5408560037612915,0.015935136005282402,1593513.25,3.3257057666778564,6.48746395111084,0.0,0.0
26.399999618530273,61.67316818237305,1.6464630365371704,0.7893959879875183,0.014785966835916042,1478597.125,3.313699722290039,4.520918369293213,0.0,0.0
26.520000457763672,60.29287338256836,1.6330422163009644,0.5912854075431824,0.013914162293076515,1391415.75,3.2920703887939453,4.3264594078063965,0.0,0.0
26.639999389648438,58.935726165771484,1.6484936475753784,0.5469396710395813,0.013060251250863075,1306024.25,3.281522035598755,3.8651180267333984,0.0,0.0
26.759998321533203,57.59475326538086,1.631288766860962,0.6036167144775391,0.012512199580669403,1251220.0,3.2649402618408203,5.350168228149414,0.0,0.0
26.8799991607666,56.25840759277344,1.6432985067367554,0.5138024091720581,0.011957885697484016,1195788.5,3.2456538677215576,3.902059555053711,0.0,0.0
27.0,54.93656539916992,1.6264305114746094,1.7384449243545532,0.011668835766613483,1166884.125,3.2360024452209473,4.463117599487305,0.0,0.0
27.119998931884766,53.62172317504883,1.6005462408065796,0.5258580446243286,0.011475745588541031,1147574.0,3.2179296016693115,9.799474716186523,0.0,0.0
27.23999786376953,52.356910705566406,1.5628330707550049,2.251016616821289,0.011347169056534767,1134717.25,3.2027227878570557,4.897162437438965,0.0,0.0
27.35999870300293,51.08694839477539,1.5730961561203003,1.3792413473129272,0.01144229993224144,1144230.625,3.188391923904419,3.7964797019958496,0.0,0.0
27.479999542236328,49.82464599609375,1.5337812900543213,0.7765376567840576,0.011549275368452072,1154927.0,3.188835859298706,5.934069633483887,0.0,0.0
27.599998474121094,48.60308074951172,1.5005501508712769,0.7524515986442566,0.011648442596197128,1164845.25,3.1786253452301025,3.9045796394348145,0.0,0.0
27.71999740600586,47.315059661865234,1.5035419464111328,1.0716724395751953,0.011648258194327354,1164826.5,3.1731042861938477,4.568050384521484,0.0,0.0
27.839998245239258,46.08715057373047,1.495079755783081,0.5711753368377686,0.011775045655667782,1177506.0,3.1705455780029297,29.454715728759766,0.0,0.0
27.959999084472656,44.83323287963867,1.477879285812378,0.6398419141769409,0.011852475814521313,1185246.625,3.1634645462036133,4.310275077819824,0.0,0.0
28.079998016357422,43.610443115234375,1.482468843460083,0.5374204516410828,0.0121054882183671,1210549.625,3.1603317260742188,8.817233085632324,0.0,0.0
28.199996948242188,42.31136703491211,1.5378661155700684,1.490891933441162,0.012306866236031055,1230687.75,3.138669013977051,3.9540655612945557,0.0,0.0
28.319997787475586,41.07215118408203,1.5349699258804321,2.5847420692443848,0.012410067021846771,1241005.0,3.121589183807373,3.622371196746826,0.0,0.0
28.439998626708984,39.86664581298828,1.5441838502883911,1.0900052785873413,0.012488676235079765,1248867.375,3.1092123985290527,6.7806396484375,0.0,0.0
28.55999755859375,38.6998291015625,1.5065906047821045,0.590747058391571,0.01260549109429121,1260549.75,3.1157286167144775,4.448476791381836,0.0,0.0
28.679996490478516,37.477542877197266,1.4763340950012207,0.6923602223396301,0.01275669690221548,1275668.875,3.110729694366455,3.540332078933716,0.0,0.0
28.799997329711914,36.32811737060547,1.410427212715149,0.5561113357543945,0.012900428846478462,1290042.75,3.105437994003296,15.939974784851074,0.0,0.0
28.919998168945312,35.11637496948242,1.460886001586914,0.4841488301753998,0.012977492064237595,1297748.625,3.082064628601074,3.8614425659179688,0.0,0.0
29.039997100830078,33.90792465209961,1.4767872095108032,0.41329455375671387,0.013013778254389763,1301378.75,3.0624637603759766,3.2142488956451416,0.0,0.0
29.159996032714844,32.793460845947266,1.456018090248108,0.4925318956375122,0.01309251133352518,1309251.625,3.0410447120666504,2.934744119644165,0.0,0.0
29.279996871948242,31.666929244995117,1.421473503112793,0.5159328579902649,0.013134070672094822,1313407.875,3.0260651111602783,4.28884220123291,0.0,0.0
29.39999771118164,30.535737991333008,1.4042500257492065,0.4714975357055664,0.013084284961223602,1308428.0,3.0020713806152344,4.038052082061768,0.0,0.0
29.519996643066406,29.388900756835938,1.4304041862487793,0.3848467767238617,0.013009154237806797,1300914.375,2.992171049118042,6.936582088470459,0.0,0.0
29.639995574951172,28.258302688598633,1.4366446733474731,0.3790236711502075,0.013026954606175423,1302695.625,2.9805943965911865,3.583601474761963,0.0,0.0
29.75999641418457,27.182292938232422,1.4273236989974976,0.7827204465866089,0.0129973404109478,1299733.625,2.9645137786865234,2.793606758117676,0.0,0.0
29.87999725341797,26.063737869262695,1.4078295230865479,0.45062077045440674,0.012925390154123306,1292538.375,2.936213731765747,5.264913558959961,0.0,0.0
29.999996185302734,24.93475914001465,1.4492902755737305,0.4126521050930023,0.01285797730088234,1285798.5,2.9137966632843018,2.8205056190490723,0.0,0.0
30.1199951171875,23.83853530883789,1.4900002479553223,0.4208219647407532,0.012741941027343273,1274193.125,2.883681058883667,3.8962526321411133,0.0,0.0
30.2399959564209,22.760499954223633,1.4984605312347412,0.6061072945594788,0.01260804571211338,1260803.125,2.863440990447998,2.984741687774658,0.0,0.0
30.359996795654297,21.784189224243164,1.404220461845398,0.9908887147903442,0.012473915703594685,1247390.125,2.851672887802124,3.2554538249969482,0.0,0.0
30.479995727539062,20.758092880249023,1.4272812604904175,0.4615061581134796,0.012187610380351543,1218761.125,2.8467376232147217,3.776693344116211,0.0,0.0
30.599994659423828,19.737092971801758,1.4180952310562134,0.33801746368408203,0.011951694265007973,1195170.75,2.819469928741455,4.572128772735596,0.0,0.0
30.719995498657227,18.72446632385254,1.424863576889038,0.3486127555370331,0.011697417125105858,1169743.0,2.7885849475860596,2.0706682205200195,0.0,0.0
30.839996337890625,17.786800384521484,1.3660305738449097,0.33725354075431824,0.011403491720557213,1140348.625,2.770371913909912,2.7271664142608643,0.0,0.0
30.95999526977539,16.86151885986328,1.3085368871688843,0.4655115008354187,0.011081322096288204,1108132.625,2.74344539642334,2.5880823135375977,0.0,0.0
31.079994201660156,15.948986053466797,1.2939904928207397,0.2968445420265198,0.010948006063699722,1094801.875,2.708158016204834,2.3805174827575684,0.0,0.0
31.199995040893555,15.025192260742188,1.317849040031433,0.30702629685401917,0.010660413652658463,1066041.875,2.6681840419769287,2.124161958694458,0.0,0.0
31.319995880126953,14.124320983886719,1.3456274271011353,0.33434367179870605,0.010190840810537338,1019084.125,2.6348304748535156,1.9213345050811768,0.0,0.0
31.43999481201172,13.227604866027832,1.31474769115448,0.4637488126754761,0.009910302236676216,991030.125,2.5911455154418945,2.6743850708007812,0.0,0.0
31.559993743896484,12.358580589294434,1.3338470458984375,0.41198018193244934,0.009534621611237526,953462.5625,2.546922445297241,1.8572275638580322,0.0,0.0
31.679994583129883,11.532049179077148,1.3494585752487183,0.3685063123703003,0.009317649528384209,931765.625,2.5068368911743164,1.7753151655197144,0.0,0.0
31.79999542236328,10.734475135803223,1.2797582149505615,0.34559395909309387,0.009112869389355183,911286.625,2.477001905441284,2.9447269439697266,0.0,0.0
31.919994354248047,9.919464111328125,1.337996006011963,0.3100208640098572,0.008845925331115723,884592.25,2.4213662147521973,1.6744745969772339,0.0,0.0
32.03999328613281,9.173867225646973,1.2947261333465576,0.2717069983482361,0.008515511639416218,851551.0,2.3812568187713623,1.6576143503189087,0.0,0.0
32.159996032714844,8.412249565124512,1.3050609827041626,0.3033865690231323,0.008246680721640587,824667.0625,2.328782558441162,3.673652172088623,0.0,0.0
32.27999496459961,7.679500102996826,1.2892998456954956,0.2995069622993469,0.007979431189596653,797943.3125,2.255192279815674,1.4311306476593018,0.0,0.0
32.399993896484375,6.9672980308532715,1.3664419651031494,0.33404338359832764,0.007692969869822264,769297.8125,2.1823081970214844,1.5979576110839844,0.0,0.0
32.51999282836914,6.337381362915039,1.2885150909423828,0.2896726727485657,0.00736213056370616,736213.0,2.1265530586242676,1.2425071001052856,0.0,0.0
32.639991760253906,5.7092485427856445,1.245229959487915,0.2766542434692383,0.006938872393220663,693887.0,2.0514094829559326,1.7255278825759888,0.0,0.0
32.75999450683594,5.142372131347656,1.254371166229248,0.2645529508590698,0.006728671491146088,672867.0,1.9710109233856201,1.411063551902771,0.0,0.0
32.8799934387207,4.581952095031738,1.2539494037628174,0.29008007049560547,0.006403055507689714,640306.375,1.8891829252243042,0.9018787145614624,0.0,0.0
32.99999237060547,4.124622344970703,1.1904531717300415,0.30117902159690857,0.006206965539604425,620696.5,1.8135758638381958,0.8217217922210693,0.0,0.0
33.1199951171875,3.687452793121338,1.153733491897583,0.6471325755119324,0.006178127136081457,617812.5625,1.7433732748031616,0.8262929320335388,0.0,0.0
33.239994049072266,3.2568013668060303,1.1153206825256348,0.25769302248954773,0.005919952876865864,591995.25,1.6483800411224365,0.7372328639030457,0.0,0.0
33.35999298095703,2.892106056213379,1.1490473747253418,0.29376259446144104,0.005612723063677549,561272.4375,1.5628159046173096,0.6942031979560852,0.0,0.0
33.4799919128418,2.547346353530884,1.1250579357147217,0.2474643588066101,0.0054550678469240665,545506.375,1.4716421365737915,0.6426231265068054,0.0,0.0
33.59999084472656,2.2311434745788574,1.0960001945495605,0.2652796506881714,0.005304275080561638,530427.3125,1.3687446117401123,0.561005711555481,0.0,0.0
33.719993591308594,1.9774097204208374,1.0851467847824097,1.1240521669387817,0.005192113574594259,519211.875,1.2768861055374146,0.5217498540878296,0.0,0.0
33.83999252319336,1.749690055847168,1.1156243085861206,0.43125662207603455,0.005024787969887257,502478.84375,1.1775856018066406,0.5949028134346008,0.0,0.0
33.959991455078125,1.5699317455291748,1.1374326944351196,0.2331169992685318,0.004858808126300573,485880.84375,1.08274507522583,0.4468376934528351,0.0,0.0
34.079994201660156,1.424567699432373,1.156528353691101,0.26502490043640137,0.004788169637322426,478817.0625,0.9759969711303711,0.4382520020008087,0.0,0.0
34.19999313354492,1.3089542388916016,1.1497164964675903,0.25917959213256836,0.00461104279384017,461104.6875,0.884282648563385,0.3229333758354187,0.0,0.0
34.31999206542969,1.1850920915603638,1.145047664642334,0.23847074806690216,0.004523443058133125,452344.5,0.800517201423645,0.2841060161590576,0.0,0.0
34.43999099731445,1.0870238542556763,1.1023993492126465,0.24428638815879822,0.004232466686517,423246.84375,0.7145733833312988,0.4889017641544342,0.0,0.0
34.55998992919922,0.9830259680747986,1.0464528799057007,0.2363617718219757,0.0040756468661129475,407564.9375,0.6377540826797485,0.23567506670951843,0.0,0.0
34.67999267578125,0.919905424118042,1.0122182369232178,0.22556981444358826,0.0038807678502053022,388076.40625,0.57413649559021,0.21772456169128418,0.0,0.0
34.799991607666016,0.8226286768913269,1.0231125354766846,0.3894207775592804,0.0035996213555336,359961.6875,0.5100790858268738,0.1993134468793869,0.0,0.0
34.91999053955078,0.7373049259185791,1.006291389465332,0.22300706803798676,0.003365933196619153,336593.59375,0.44363924860954285,0.17004701495170593,0.0,0.0
35.03999328613281,0.6553370952606201,0.9871633648872375,0.2308083027601242,0.003237889613956213,323789.03125,0.3881131112575531,0.20409174263477325,0.0,0.0
35.15999221801758,0.6045472025871277,0.8797626495361328,0.16904126107692719,0.0030610004905611277,306099.875,0.33827516436576843,0.17156828939914703,0.0,0.0
35.279991149902344,0.5593116283416748,0.8593466877937317,0.3143722116947174,0.003012996166944504,301299.40625,0.28881996870040894,0.13680845499038696,0.0,0.0
35.39999008178711,0.48972591757774353,0.8095113635063171,0.19228960573673248,0.0029084119014441967,290841.3125,0.24060013890266418,0.15942208468914032,0.0,0.0
35.519989013671875,0.4084782302379608,0.7286739945411682,0.15238995850086212,0.0028001826722174883,280018.0625,0.20016440749168396,0.1306704729795456,0.0,0.0
35.639991760253906,0.33133500814437866,0.6090936660766602,0.11783337593078613,0.0026903082616627216,269030.6875,0.15604524314403534,0.08987107127904892,0.0,0.0
35.75999069213867,0.254021018743515,0.4581573009490967,0.27333515882492065,0.0025845773052424192,258457.703125,0.11151433736085892,0.10410243272781372,0.0,0.0
35.87998962402344,0.1577228456735611,0.2876746654510498,0.06881947070360184,0.0025698200333863497,256981.859375,0.07401974499225616,0.04753371700644493,0.0,0.0
35.99999237060547,0.054597869515419006,0.07569187879562378,0.02816399373114109,0.0027218912728130817,272189.09375,0.042693834751844406,0.036486025899648666,0.0,0.0
