"Durata misurazione","Produzione (W)","Alla batteria (W)","Alla rete (W)","Verso la casa (W)","Consumo (W)","Dalla batteria (W)","Dalla rete (W)","Dal sole (W)","Livello accumulo"
"1/12/2025 00:00","0","0","0","0","346.42","0","346.42","0","0.014983006"
"1/12/2025 00:15","0","0","0","0","287.14334","0","287.14334","0","0.014844159"
"1/12/2025 00:30","0","0","0","0","344.76334","0","344.76334","0","0.014566464"
"1/12/2025 00:45","0","0","0","0","335.24335","0","335.24335","0","0.014566464"
"1/12/2025 01:00","0","0","0","0","250.90668","0","250.90668","0","0.014566464"
"1/12/2025 01:15","0","0","0","0","329.28333","0","329.28333","0","0.014566464"
"1/12/2025 01:30","0","0","0","0","232.87666","0","232.87666","0","0.014566464"
"1/12/2025 01:45","0","0","0","0","258.47","0","258.47","0","0.014983006"
"1/12/2025 02:00","0","0","0","0","315.72","0","315.72","0","0.014983006"
"1/12/2025 02:15","0","0","0","0","284.41","0","284.41","0","0.014983006"
"1/12/2025 02:30","0","0","0","0","218.62334","0","218.62334","0","0.014566464"
"1/12/2025 02:45","0","0","0","0","260.43","0","260.43","0","0.014566464"
"1/12/2025 03:00","0","0","0","0","406.33667","0","406.33667","0","0.014566464"
"1/12/2025 03:15","0","0","0","0","288.61","0","288.61","0","0.014566464"
"1/12/2025 03:30","0","0","0","0","263.02335","0","263.02335","0","0.014566464"
"1/12/2025 03:45","0","0","0","0","380.99332","0","380.99332","0","0.014844159"
"1/12/2025 04:00","0","0","0","0","290.36334","0","290.36334","0","0.014983006"
"1/12/2025 04:15","0","0","0","0","290.87","0","290.87","0","0.014983006"
"1/12/2025 04:30","0","0","0","0","511.61002","0","511.61002","0","0.014566464"
"1/12/2025 04:45","0","0","0","0","332.99002","2.04","330.95","0","0.014566464"
"1/12/2025 05:00","0","0","0","0","312.70334","0","312.70334","0","0.014566464"
"1/12/2025 05:15","0","0","0","0","317.34003","0","317.34003","0","0.014566464"
"1/12/2025 05:30","0","0","0","0","413.8033","0","413.8033","0","0.014566464"
"1/12/2025 05:45","0","0","0","0","312.78665","0","312.78665","0","0.0147053115"
"1/12/2025 06:00","0","0","0","0","235.10666","0","235.10666","0","0.014983006"
"1/12/2025 06:15","0","0","0","0","284.15665","0","284.15665","0","0.014983006"
"1/12/2025 06:30","0","0","0","0","304.66","0","304.66","0","0.0147053115"
"1/12/2025 06:45","0","0","0","0","257.91","0","257.91","0","0.014566464"
"1/12/2025 07:00","0","0","0","0","337.51","0","337.51","0","0.014566464"
"1/12/2025 07:15","0","0","0","0","492.22665","0","492.22665","0","0.014566464"
"1/12/2025 07:30","0","0","0","0","735.41","0","735.41","0","0.014566464"
"1/12/2025 07:45","0","0","0","0","271.75333","0","271.75333","0","0.013629245"
"1/12/2025 08:00","0","0","0","0","337.06668","11.086667","325.98","0","0.011754807"
"1/12/2025 08:15","0","0","0","0","356.64664","0","356.64664","0","0.011581248"
"1/12/2025 08:30","0","0","0","0","351.75333","4.863333","346.88998","0","0.01123413"
"1/12/2025 08:45","16.126667","0","0","16.126667","324.91","8.663333","300.12","16.126667","0.01123413"
"1/12/2025 09:00","61.073334","0","0","61.073334","440.47998","0","379.40665","61.073334","0.01123413"
"1/12/2025 09:15","76.71667","0","0","76.71667","280.58334","0","203.86667","76.71667","0.01123413"
"1/12/2025 09:30","178.43668","0","0","178.43668","361.71667","0","183.28","178.43668","0.01123413"
"1/12/2025 09:45","178.62999","0","0","178.62999","354.61667","0","175.98668","178.62999","0.01123413"
"1/12/2025 10:00","255.51334","19","1.2633333","235.25","235.33333","0","0.083333336","235.25","0.011407688"
"1/12/2025 10:15","192.57","0","1.6700003","190.90001","231.57333","0","40.673325","190.90001","0.01123413"
"1/12/2025 10:30","110.939995","0","0","110.939995","205.60666","0","94.666664","110.939995","0.01123413"
"1/12/2025 10:45","239.84666","14.666666","2.233333","222.94666","313.35333","0","90.40667","222.94666","0.01123413"
"1/12/2025 11:00","439.33334","222.66667","0.66","216.00667","217.55333","0","1.5466666","216.00667","0.012657314"
"1/12/2025 11:15","407.04333","200.66667","0.47666666","205.90001","218.13333","0","12.233322","205.90001","0.017794663"
"1/12/2025 11:30","637.38666","396.33334","2.5","238.55333","238.55333","0","0","238.55333","0.023140281"
"1/12/2025 11:45","703.2267","470.33334","0","232.89333","235.39","0","2.4966667","232.89333","0.033588536"
"1/12/2025 12:00","322.27335","42.000004","5.78","274.49335","274.49335","0","0","274.49335","0.037059717"
"1/12/2025 12:15","360.35","99.333336","0.82666665","260.19","261.19","0","1","260.19","0.038135782"
"1/12/2025 12:30","226.74669","0","0.59333336","226.15337","406.61667","178.32997","2.133333","226.15337","0.038621746"
"1/12/2025 12:45","87.166664","0","1.5666666","85.6","477.12003","391.00006","0.52000004","85.6","0.032824874"
"1/12/2025 13:00","131.88","0","1.0533335","130.82668","1159.6267","575","453.8","130.82668","0.012661479"
"1/12/2025 13:15","266.42667","0","0","266.42667","765.8966","0","499.46994","266.42667","0"
"1/12/2025 13:30","444.47665","123.666664","1.0866667","319.72333","332.1133","0","12.389984","319.72333","0.00079004077"
"1/12/2025 13:45","417.46332","51.666668","0.44333336","365.35333","706.3934","0","341.04004","365.35333","0.0029727193"
"1/12/2025 14:00","335.1067","84.33334","2.5200002","248.25336","250.97668","0","2.7233334","248.25336","0.0040834974"
"1/12/2025 14:15","180.8","0","0","180.8","2242.7932","0","2061.9932","180.8","0.0042570564"
"1/12/2025 14:30","160.82999","0","0","160.82999","295.29","0","134.46002","160.82999","0.0042570564"
"1/12/2025 14:45","253.60335","0","0","253.60335","362.55334","0","108.95","253.60335","0.0042570564"
"1/12/2025 15:00","303.90332","0","0","303.90332","646.82666","0","342.92334","303.90332","0.0042570564"
"1/12/2025 15:15","221.16333","0","0","221.16333","1033.2933","0","812.13007","221.16333","0.00970681"
"1/12/2025 15:30","88.096664","0","0","88.096664","2304.28","0","2216.1833","88.096664","0.009359692"
"1/12/2025 15:45","13.816666","0","0","13.816666","2150.31","0","2136.4934","13.816666","0.009359692"
"1/12/2025 16:00","0","0","0","0","1944.72","0","1944.72","0","0.009359692"
"1/12/2025 16:15","0","0","0","0","376.8267","0","376.8267","0","0.009359692"
"1/12/2025 16:30","0","0","0","0","692.54333","0","692.54333","0","0.009359692"
"1/12/2025 16:45","0","0","0","0","392.75","0","392.75","0","0.009359692"
"1/12/2025 17:00","0","0","0","0","387.43668","0","387.43668","0","0.009359692"
"1/12/2025 17:15","0","0","0","0","539.18335","0","539.18335","0","0.00970681"
"1/12/2025 17:30","0","0","0","0","782.48334","0","782.48334","0","0.009359692"
"1/12/2025 17:45","0","0","0","0","637.5834","0","637.5834","0","0.009359692"
"1/12/2025 18:00","0","0","0","0","289.57","0","289.57","0","0.009359692"
"1/12/2025 18:15","0","0","0","0","312.84332","0","312.84332","0","0.009359692"
"1/12/2025 18:30","0","0","0","0","346.95667","0","346.95667","0","0.009359692"
"1/12/2025 18:45","0","0","0","0","450.12668","0","450.12668","0","0.009359692"
"1/12/2025 19:00","0","0","0","0","331.06668","0","331.06668","0","0.009359692"
"1/12/2025 19:15","0","0","0","0","318.46335","0","318.46335","0","0.0062356293"
"1/12/2025 19:30","0","0","0","0","357.72998","0","357.72998","0","0.0042570564"
"1/12/2025 19:45","0","0","0","0","392.90668","0","392.90668","0","0.0042570564"
"1/12/2025 20:00","0","0","0","0","367.82666","0","367.82666","0","0.0042570564"
"1/12/2025 20:15","0","0","0","0","382.72665","0","382.72665","0","0.0042570564"
"1/12/2025 20:30","0","0","0","0","538.5366","0","538.5366","0","0.0042570564"
"1/12/2025 20:45","0","0","0","0","367.28333","0","367.28333","0","0.0042570564"
"1/12/2025 21:00","0","0","0","0","378.4867","0","378.4867","0","0.0042570564"
"1/12/2025 21:15","0","0","0","0","368.02","0","368.02","0","0.0043959036"
"1/12/2025 21:30","0","0","0","0","714.23334","0","714.23334","0","0.0042570564"
"1/12/2025 21:45","0","0","0","0","491.49667","0","491.49667","0","0.0042570564"
"1/12/2025 22:00","0","0","0","0","404.43668","0","404.43668","0","0.0042570564"
"1/12/2025 22:15","0","0","0","0","1969.6699","0","1969.6699","0","0.0042570564"
"1/12/2025 22:30","0","0","0","0","1126.24","0","1126.24","0","0.0042570564"
"1/12/2025 22:45","0","0","0","0","1242.2633","0","1242.2633","0","0.0042570564"
"1/12/2025 23:00","0","0","0","0","400.99335","0","400.99335","0","0.0042570564"
"1/12/2025 23:15","0","0","0","0","375.24","0","375.24","0","0.0037710909"
"1/12/2025 23:30","0","0","0","0","395.13333","0","395.13333","0","0.0023826184"
"1/12/2025 23:45","0","0","0","0","333.36664","0","333.36664","0","0.0023826184"
"2/12/2025 00:00","0","0","0","0","356.15668","0","356.15668","0","0.0023826184"
"2/12/2025 00:15","0","0","0","0","557.54333","0","557.54333","0","0.0023826184"
"2/12/2025 00:30","0","0","0","0","282.81","0","282.81","0","0.0023826184"
"2/12/2025 00:45","0","0","0","0","278.9233","0","278.9233","0","0.0023826184"
"2/12/2025 01:00","0","0","0","0","325.42","0","325.42","0","0.0023826184"
"2/12/2025 01:15","0","0","0","0","239.32666","0","239.32666","0","0.0023826184"
"2/12/2025 01:30","0","0","0","0","228.71667","0","228.71667","0","0.0025214658"
"2/12/2025 01:45","0","0","0","0","322.95667","0","322.95667","0","0.0023826184"
"2/12/2025 02:00","0","0","0","0","258.6","0","258.6","0","0.0023826184"
"2/12/2025 02:15","0","0","0","0","238.99","0","238.99","0","0.0023826184"
"2/12/2025 02:30","0","0","0","0","327.30667","2.25","325.05667","0","0.0023826184"
"2/12/2025 02:45","0","0","0","0","243.78667","0","243.78667","0","0.0023826184"
"2/12/2025 03:00","0","0","0","0","298.64667","0","298.64667","0","0.0023826184"
"2/12/2025 03:15","0","0","0","0","336.27002","0","336.27002","0","0.0023826184"
"2/12/2025 03:30","0","0","0","0","262.12332","0","262.12332","0","0.0017230941"
"2/12/2025 03:45","0","0","0","0","318.09","1.7033334","316.38666","0","0.0014453997"
"2/12/2025 04:00","0","0","0","0","368.97","0","368.97","0","0.0014453997"
"2/12/2025 04:15","0","0","0","0","328.15332","0","328.15332","0","0.0014453997"
"2/12/2025 04:30","0","0","0","0","279.33002","0","279.33002","0","0.0014453997"
"2/12/2025 04:45","0","0","0","0","301.44333","0","301.44333","0","0.0014453997"
"2/12/2025 05:00","0","0","0","0","345.63","0","345.63","0","0.0014453997"
"2/12/2025 05:15","0","0","0","0","264.66","0","264.66","0","0.0014453997"
"2/12/2025 05:30","0","0","0","0","277.02335","0","277.02335","0","0.001584247"
"2/12/2025 05:45","0","0","0","0","345.67","0","345.67","0","0.0014453997"
"2/12/2025 06:00","0","0","0","0","250.91333","0","250.91333","0","0.0014453997"
"2/12/2025 06:15","0","0","0","0","231.21333","0","231.21333","0","0.0014453997"
"2/12/2025 06:30","0","0","0","0","343.78665","0","343.78665","0","0.0014453997"
"2/12/2025 06:45","0","0","0","0","255.49667","0","255.49667","0","0.0014453997"
"2/12/2025 07:00","0","0","0","0","263.68668","0","263.68668","0","0.0014453997"
"2/12/2025 07:15","0","0","0","0","379.90668","0","379.90668","0","0.0014453997"
"2/12/2025 07:30","0","0","0","0","291.61667","0","291.61667","0","0.001584247"
"2/12/2025 07:45","0","0","0","0","269.97665","13.316665","256.65997","0","0.0014453997"
"2/12/2025 08:00","41.676666","0","0","41.676666","383.69333","0","342.01666","41.676666","0.0014453997"
"2/12/2025 08:15","67.956665","0","0","67.956665","2293.5933","0","2225.6367","67.956665","0.0014453997"
"2/12/2025 08:30","103.96667","0","0","103.96667","515.7234","0","411.75674","103.96667","0.0014453997"
"2/12/2025 08:45","99.986664","0","0","99.986664","328.44336","0","228.4567","99.986664","0.0014453997"
"2/12/2025 09:00","104.96334","0","0","104.96334","292.92667","0","187.96333","104.96334","0.0014453997"
"2/12/2025 09:15","272.15332","46","5.4599996","220.69333","250.94","0","30.246666","220.69333","0.0014453997"
"2/12/2025 09:30","452.02332","207.66666","0","244.35666","257.66998","0","13.313333","244.35666","0.0029727193"
"2/12/2025 09:45","525.80664","164.33333","0.88000005","360.59332","365.14334","0","4.5500183","360.59332","0.0064091883"
"2/12/2025 10:00","787.1933","293.3333","0","493.85995","1581.6934","0","1087.8334","493.85995","0.008596032"
"2/12/2025 10:15","682.5133","456","0","226.51334","231.43668","0","4.9233336","226.51334","0.019391406"
"2/12/2025 10:30","419.08334","237.33333","0.6933333","181.05667","902.42334","311.99667","409.37","181.05667","0.0246676"
"2/12/2025 10:45","523.39667","292.33334","1.2533333","229.81","229.81","0","0","229.81","0.026090784"
"2/12/2025 11:00","463.66998","244.66667","1.8466667","217.15666","218.06","0","0.90333337","217.15666","0.031887658"
"2/12/2025 11:15","552.57666","298.33334","0.23333333","254.01001","260.05334","0","6.043333","254.01001","0.037372123"
"2/12/2025 11:30","517.68335","313.33334","2","202.35","202.89","0","0.54","202.35","0.044522755"
"2/12/2025 11:45","551.70667","305.33334","3.1633332","243.21","243.94667","0","0.7366667","243.21","0.050284915"
"2/12/2025 12:00","463.98334","162.00002","0.9766668","301.00668","301.15","0","0.14331055","301.00668","0.05576938"
"2/12/2025 12:15","516.41003","228.33336","0","288.0767","289.28998","0","1.2132874","288.0767","0.058754597"
"2/12/2025 12:30","501.35","308.00003","0","193.35002","194.99","0","1.6399841","193.35002","0.064690314"
"2/12/2025 12:45","521.4333","203.99997","2.3633332","315.06998","690.48334","372.6667","2.746667","315.06998","0.07312529"
"2/12/2025 13:00","284.85333","188","0.41333333","96.44","829.80005","714.00006","19.360003","96.44","0.065002725"
"2/12/2025 13:15","714.68665","447.33","1.1899999","266.16666","267.7667","0","1.6000366","266.16666","0.0640655"
"2/12/2025 13:30","804.4633","531","2.1200001","271.34332","271.38","0","0.03668213","271.34332","0.070938446"
"2/12/2025 13:45","681.08","330.33334","3.8500001","346.89667","348.07666","0","1.18","346.89667","0.08183795"
"2/12/2025 14:00","439.43332","0","0.9833333","438.44998","2837.1667","1412.6667","986.0501","438.44998","0.04653604"
"2/12/2025 14:15","214.12334","0","0","214.12334","2292.7634","0","2078.6401","214.12334","0.021126997"
"2/12/2025 14:30","137.18001","0","0","137.18001","763.99","0","626.81","137.18001","0.021126997"
"2/12/2025 14:45","127.066666","0","0","127.066666","997.4133","0","870.3467","127.066666","0.021126997"
"2/12/2025 15:00","135.67334","0","0","135.67334","441.62332","0","305.94998","135.67334","0.021126997"
"2/12/2025 15:15","113.82667","0","0","113.82667","439.12668","0","325.30002","113.82667","0.021126997"
"2/12/2025 15:30","196.96","0","0","196.96","431.32666","0","234.36665","196.96","0.021126997"
"2/12/2025 15:45","131.4","0","0","131.4","1765.6934","0","1634.2933","131.4","0.021126997"
"2/12/2025 16:00","30.433334","0","0","30.433334","369.23666","0","338.80334","30.433334","0.021126997"
"2/12/2025 16:15","0.96000004","0","0","0.96000004","527.4667","0","526.50665","0.96000004","0.029214848"
"2/12/2025 16:30","0","0","0","0","431.82","0","431.82","0","0.029041288"
"2/12/2025 16:45","0","0","0","0","371.42334","0","371.42334","0","0.029041288"
"2/12/2025 17:00","0","0","0","0","442.78","0","442.78","0","0.029041288"
"2/12/2025 17:15","0","0","0","0","400.56332","0","400.56332","0","0.029041288"
"2/12/2025 17:30","0","0","0","0","956.63","0","956.63","0","0.029041288"
"2/12/2025 17:45","0","0","0","0","458.31","0","458.31","0","0.029041288"
"2/12/2025 18:00","0","0","0","0","433.17667","0","433.17667","0","0.029041288"
"2/12/2025 18:15","0","0","0","0","532.98","0","532.98","0","0.029171458"
"2/12/2025 18:30","0","0","0","0","366.31665","0","366.31665","0","0.029041288"
"2/12/2025 18:45","0","0","0","0","424.4167","0","424.4167","0","0.029041288"
"2/12/2025 19:00","0","0","0","0","455.70334","0","455.70334","0","0.029041288"
"2/12/2025 19:15","0","0","0","0","407.23666","0","407.23666","0","0.029041288"
"2/12/2025 19:30","0","0","0","0","455.76","0","455.76","0","0.029041288"
"2/12/2025 19:45","0","0","0","0","439.69666","0","439.69666","0","0.029041288"
"2/12/2025 20:00","0","0","0","0","927.83","0","927.83","0","0.029041288"
"2/12/2025 20:15","0","0","0","0","506.19666","0","506.19666","0","0.029388407"
"2/12/2025 20:30","0","0","0","0","447.98","0","447.98","0","0.029041288"
"2/12/2025 20:45","0","0","0","0","1443.4667","0","1443.4667","0","0.029041288"
"2/12/2025 21:00","0","0","0","0","863.64996","0","863.64996","0","0.029041288"
"2/12/2025 21:15","0","0","0","0","466.19","0","466.19","0","0.029041288"
"2/12/2025 21:30","0","0","0","0","478.81332","0","478.81332","0","0.029041288"
"2/12/2025 21:45","0","0","0","0","435.97665","0","435.97665","0","0.029041288"
"2/12/2025 22:00","0","0","0","0","1699.1234","0","1699.1234","0","0.029041288"
"2/12/2025 22:15","0","0","0","0","1104.4333","0","1104.4333","0","0.029214848"
"2/12/2025 22:30","0","0","0","0","482.67667","0","482.67667","0","0.029214848"
"2/12/2025 22:45","0","0","0","0","500.23","0","500.23","0","0.029041288"
"2/12/2025 23:00","0","0","0","0","447.12332","0","447.12332","0","0.029041288"
"2/12/2025 23:15","0","0","0","0","543.00336","0","543.00336","0","0.029041288"
"2/12/2025 23:30","0","0","0","0","475.86334","0","475.86334","0","0.029041288"
"2/12/2025 23:45","0","0","0","0","1766.8065","2.9566665","1763.8499","0","0.029041288"
"3/12/2025 00:00","0","0","0","0","464.53668","1.4166667","463.12006","0","0.029041288"
"3/12/2025 00:15","0","0","0","0","359.69666","0","359.69666","0","0.029041288"
"3/12/2025 00:30","0","0","0","0","343.8033","0","343.8033","0","0.029388407"
"3/12/2025 00:45","0","0","0","0","388.96667","0","388.96667","0","0.029041288"
"3/12/2025 01:00","0","0","0","0","787.9667","0","787.9667","0","0.029041288"
"3/12/2025 01:15","0","0","0","0","381.72","0","381.72","0","0.029041288"
"3/12/2025 01:30","0","0","0","0","334.64667","0","334.64667","0","0.029041288"
"3/12/2025 01:45","0","0","0","0","334.1667","0","334.1667","0","0.029041288"
"3/12/2025 02:00","0","0","0","0","358.21335","0","358.21335","0","0.029041288"
"3/12/2025 02:15","0","0","0","0","363.00333","0","363.00333","0","0.029041288"
"3/12/2025 02:30","0","0","0","0","365.94","0","365.94","0","0.029388407"
"3/12/2025 02:45","0","0","0","0","295.26666","0","295.26666","0","0.029041288"
"3/12/2025 03:00","0","0","0","0","307.49335","0","307.49335","0","0.029041288"
"3/12/2025 03:15","0","0","0","0","392.32666","0","392.32666","0","0.029041288"
"3/12/2025 03:30","0","0","0","0","453.28668","0","453.28668","0","0.029041288"
"3/12/2025 03:45","0","0","0","0","376.09332","0","376.09332","0","0.029041288"
"3/12/2025 04:00","0","0","0","0","321.3567","0","321.3567","0","0.029041288"
"3/12/2025 04:15","0","0","0","0","334.52335","0","334.52335","0","0.029041288"
"3/12/2025 04:30","0","0","0","0","293.12","0","293.12","0","0.029214848"
"3/12/2025 04:45","0","0","0","0","341.68332","0","341.68332","0","0.029041288"
"3/12/2025 05:00","0","0","0","0","315.21335","0","315.21335","0","0.029041288"
"3/12/2025 05:15","0","0","0","0","342.00333","0","342.00333","0","0.029041288"
"3/12/2025 05:30","0","0","0","0","339.63333","0","339.63333","0","0.029041288"
"3/12/2025 05:45","0","0","0","0","258.5","0","258.5","0","0.029041288"
"3/12/2025 06:00","0","0","0","0","311.12","0","311.12","0","0.029041288"
"3/12/2025 06:15","0","0","0","0","265.1667","0","265.1667","0","0.029041288"
"3/12/2025 06:30","0","0","0","0","362.13","0","362.13","0","0.02484116"
"3/12/2025 06:45","0","0","0","0","231.60333","0","231.60333","0","0.016440902"
"3/12/2025 07:00","0","0","0","0","297.66333","0","297.66333","0","0.016440902"
"3/12/2025 07:15","0","0","0","0","383.9867","0","383.9867","0","0.016440902"
"3/12/2025 07:30","0","0","0","0","330.32666","0","330.32666","0","0.016440902"
"3/12/2025 07:45","0","0","0","0","309.85","4.8566666","304.99335","0","0.016440902"
"3/12/2025 08:00","0","0","0","0","3041.3801","9","3032.3801","0","0.016440902"
"3/12/2025 08:15","52.49","0","0","52.49","3285.2932","0","3232.8032","52.49","0.016440902"
"3/12/2025 08:30","68.92","0","0","68.92","3141.46","0","3072.54","68.92","0.016440902"
"3/12/2025 08:45","145.25333","0","0","145.25333","2697.9934","0","2552.74","145.25333","0.016440902"
"3/12/2025 09:00","296.66","0","0","296.66","2544.5068","0","2247.847","296.66","0.016440902"
"3/12/2025 09:15","182.34666","0","0","182.34666","2566.9468","0","2384.6","182.34666","0.016440902"
"3/12/2025 09:30","278.70334","0","0","278.70334","2653.7766","0","2375.0732","278.70334","0.016440902"
"3/12/2025 09:45","708.4733","0","0","708.4733","2555.0632","0","1846.59","708.4733","0.016440902"
"3/12/2025 10:00","817.8433","0","0","817.8433","2599.0632","0","1781.22","817.8433","0.016718596"
"3/12/2025 10:15","995.66003","0","0","995.66003","2710.38","0","1714.72","995.66003","0.016857443"
"3/12/2025 10:30","782.88666","0","0","782.88666","2547.2034","0","1764.3167","782.88666","0.016857443"
"3/12/2025 10:45","409.93335","0","0","409.93335","2630.1333","0","2220.2","409.93335","0.016579749"
"3/12/2025 11:00","771.26","0","0","771.26","2533.58","0","1762.3201","771.26","0.016440902"
"3/12/2025 11:15","700.19","0","0","700.19","2604.3633","0","1904.1733","700.19","0.016440902"
"3/12/2025 11:30","599.25665","0","0","599.25665","2542.19","0","1942.9333","599.25665","0.016440902"
"3/12/2025 11:45","798.89667","0","0","798.89667","2652.4734","0","1853.5767","798.89667","0.016440902"
"3/12/2025 12:00","752.87335","0","0","752.87335","2519.49","0","1766.6167","752.87335","0.016753308"
"3/12/2025 12:15","706.7733","0","0","706.7733","2545.87","0","1839.0967","706.7733","0.01737812"
"3/12/2025 12:30","811.68335","0","0","811.68335","2586.4102","0","1774.7267","811.68335","0.01737812"
"3/12/2025 12:45","909.92334","0","0","909.92334","2540.2832","0","1630.36","909.92334","0.017031003"
"3/12/2025 13:00","836.17664","0","0","836.17664","2560.64","0","1724.4633","836.17664","0.016857443"
"3/12/2025 13:15","656.55","0","0","656.55","2514.5967","0","1858.0466","656.55","0.016857443"
"3/12/2025 13:30","524.25665","0","0","524.25665","2738.8035","0","2214.5469","524.25665","0.016857443"
"3/12/2025 13:45","393.59","0","0","393.59","2639.5898","0","2245.9998","393.59","0.016857443"
"3/12/2025 14:00","402.23666","0","0","402.23666","2641.0767","0","2238.84","402.23666","0.017031003"
"3/12/2025 14:15","322.25333","12.666667","0","309.58667","1103.7733","0","794.18665","309.58667","0.017204562"
"3/12/2025 14:30","346.07333","17.666666","1.9699999","326.43668","1574.9233","0","1248.4867","326.43668","0.016857443"
"3/12/2025 14:45","289.31","0","0.34666666","288.96332","580.8467","0","291.88333","288.96332","0.016857443"
"3/12/2025 15:00","211.36","0","0","211.36","264.99335","0","53.63333","211.36","0.016857443"
"3/12/2025 15:15","248.04","0","0","248.04","568.14667","0","320.1067","248.04","0.016857443"
"3/12/2025 15:30","325.26334","17.333334","10.04","297.88998","500.89667","0","203.00667","297.88998","0.016718596"
"3/12/2025 15:45","407.16333","38.333332","0","368.83","471.02664","0","102.196655","368.83","0.016857443"
"3/12/2025 16:00","124.37","0","0","124.37","304.8","0","180.43","124.37","0.016857443"
"3/12/2025 16:15","0","0","0","0","2297.0032","0","2297.0032","0","0.01737812"
"3/12/2025 16:30","0","0","0","0","303.54333","0","303.54333","0","0.01737812"
"3/12/2025 16:45","0","0","0","0","712.1167","0","712.1167","0","0.01737812"
"3/12/2025 17:00","0","0","0","0","436.06998","0","436.06998","0","0.01737812"
"3/12/2025 17:15","0","0","0","0","347.95","0","347.95","0","0.01737812"
"3/12/2025 17:30","0","0","0","0","676.25665","0","676.25665","0","0.017204562"
"3/12/2025 17:45","0","0","0","0","301.99002","1.63","300.36002","0","0.016857443"
"3/12/2025 18:00","0","0","0","0","318.88333","0","318.88333","0","0.016857443"
"3/12/2025 18:15","0","0","0","0","281.99667","0","281.99667","0","0.013629246"
"3/12/2025 18:30","0","0","0","0","362.85666","0","362.85666","0","0.013629246"
"3/12/2025 18:45","0","0","0","0","392.94333","0","392.94333","0","0.013629246"
"3/12/2025 19:00","0","0","0","0","392.51334","0","392.51334","0","0.013629246"
"3/12/2025 19:15","0","0","0","0","346.05664","0","346.05664","0","0.013629246"
"3/12/2025 19:30","0","0","0","0","323.21","0","323.21","0","0.013629246"
"3/12/2025 19:45","0","0","0","0","456.01334","0","456.01334","0","0.013108567"
"3/12/2025 20:00","0","0","0","0","4141.2036","0","4141.2036","0","0.013108567"
"3/12/2025 20:15","0","0","0","0","2742.4968","0","2742.4968","0","0.013455686"
"3/12/2025 20:30","0","0","0","0","2750.58","0","2750.58","0","0.013629246"
"3/12/2025 20:45","0","0","0","0","2797.5898","0","2797.5898","0","0.013629246"
"3/12/2025 21:00","0","0","0","0","2010.6433","0","2010.6433","0","0.013629246"
"3/12/2025 21:15","0","0","0","0","392.27335","0","392.27335","0","0.013629246"
"3/12/2025 21:30","0","0","0","0","1837.2767","0","1837.2767","0","0.013629246"
"3/12/2025 21:45","0","0","0","0","836.4033","0","836.4033","0","0.013282127"
"3/12/2025 22:00","0","0","0","0","480.40668","0","480.40668","0","0.013108567"
"3/12/2025 22:15","0","0","0","0","380.85","0","380.85","0","0.013282127"
"3/12/2025 22:30","0","0","0","0","407.9267","0","407.9267","0","0.013629246"
"3/12/2025 22:45","0","0","0","0","363.59003","0","363.59003","0","0.013629246"
"3/12/2025 23:00","0","0","0","0","2586.88","0","2586.88","0","0.013629246"
"3/12/2025 23:15","0","0","0","0","3432.12","0","3432.12","0","0.013629246"
"3/12/2025 23:30","0","0","0","0","2610.46","0","2610.46","0","0.013629246"
"3/12/2025 23:45","0","0","0","0","2903.0698","0","2903.0698","0","0.013455686"
"4/12/2025 00:00","0","0","0","0","2694.7065","0","2694.7065","0","0.013108567"
"4/12/2025 00:15","0","0","0","0","2575.5667","0","2575.5667","0","0.012171349"
"4/12/2025 00:30","0","0","0","0","2678.5234","0","2678.5234","0","0.010296911"
"4/12/2025 00:45","0","0","0","0","2566.95","0.59999996","2566.3499","0","0.010296911"
"4/12/2025 01:00","0","0","0","0","2634.9568","0","2634.9568","0","0.010296911"
"4/12/2025 01:15","0","0","0","0","2544.6333","0","2544.6333","0","0.010296911"
"4/12/2025 01:30","0","0","0","0","2610.3135","0","2610.3135","0","0.010296911"
"4/12/2025 01:45","0","0","0","0","2623.0967","0","2623.0967","0","0.010158064"
"4/12/2025 02:00","0","0","0","0","2563.2468","0","2563.2468","0","0.009880369"
"4/12/2025 02:15","0","0","0","0","2652.05","0","2652.05","0","0.009880369"
"4/12/2025 02:30","0","0","0","0","2539.5435","0","2539.5435","0","0.010296911"
"4/12/2025 02:45","0","0","0","0","2602.3933","0","2602.3933","0","0.010296911"
"4/12/2025 03:00","0","0","0","0","2610.1033","0","2610.1033","0","0.010296911"
"4/12/2025 03:15","0","0","0","0","2624.3801","0","2624.3801","0","0.010296911"
"4/12/2025 03:30","0","0","0","0","2723.67","0","2723.67","0","0.010296911"
"4/12/2025 03:45","0","0","0","0","2562.9866","0","2562.9866","0","0.010296911"
"4/12/2025 04:00","0","0","0","0","2682.2234","0","2682.2234","0","0.009880369"
"4/12/2025 04:15","0","0","0","0","2604.54","0","2604.54","0","0.009880369"
"4/12/2025 04:30","0","0","0","0","2676.02","0","2676.02","0","0.010296911"
"4/12/2025 04:45","0","0","0","0","2636.2068","0","2636.2068","0","0.010296911"
"4/12/2025 05:00","0","0","0","0","2625.01","0","2625.01","0","0.010296911"
"4/12/2025 05:15","0","0","0","0","2644.5266","0","2644.5266","0","0.010296911"
"4/12/2025 05:30","0","0","0","0","2613.2168","0","2613.2168","0","0.010296911"
"4/12/2025 05:45","0","0","0","0","2671.4668","0","2671.4668","0","0.010296911"
"4/12/2025 06:00","0","0","0","0","560.31335","0","560.31335","0","0.010019217"
"4/12/2025 06:15","0","0","0","0","275.03336","0","275.03336","0","0.009880369"
"4/12/2025 06:30","0","0","0","0","247.92667","0","247.92667","0","0.010158064"
"4/12/2025 06:45","0","0","0","0","310.22","0","310.22","0","0.010296911"
"4/12/2025 07:00","0","0","0","0","295.69333","0","295.69333","0","0.010296911"
"4/12/2025 07:15","0","0","0","0","310.51666","0","310.51666","0","0.010296911"
"4/12/2025 07:30","0","0","0","0","356.13998","0","356.13998","0","0.010296911"
"4/12/2025 07:45","0","0","0","0","324.76334","0","324.76334","0","0.010296911"
"4/12/2025 08:00","0","0","0","0","371.56332","0","371.56332","0","0.010019217"
"4/12/2025 08:15","0","0","0","0","329.41998","2.8966668","326.52332","0","0.009880369"
"4/12/2025 08:30","37.166668","0","0","37.166668","424.54666","6.67","380.71","37.166668","0.008144779"
"4/12/2025 08:45","72.33666","0","0","72.33666","305.5","0","233.16333","72.33666","0.004673598"
"4/12/2025 09:00","107.05","0","0","107.05","314.60666","0","207.55666","107.05","0.004673598"
"4/12/2025 09:15","204.97333","0","0","204.97333","1079.5166","0","874.5433","204.97333","0.004673598"
"4/12/2025 09:30","220.74333","0","0","220.74333","387.78","0","167.03667","220.74333","0.004673598"
"4/12/2025 09:45","269.35333","0","0","269.35333","380.19","0","110.83667","269.35333","0.004673598"
"4/12/2025 10:00","227.33333","0","0","227.33333","335.17667","0","107.84333","227.33333","0.0043959036"
"4/12/2025 10:15","277.54666","29","9.5199995","239.02667","335.42334","0","96.39667","239.02667","0.0042570564"
"4/12/2025 10:30","229.96333","0","0","229.96333","330.3267","0","100.36336","229.96333","0.0043959036"
"4/12/2025 10:45","339.54333","51.333332","0","288.21","423.31665","0","135.10666","288.21","0.004673598"
"4/12/2025 11:00","285.81335","37.666668","2.8033333","245.34334","332.42334","0","87.079994","245.34334","0.005194275"
"4/12/2025 11:15","342.00336","61.666676","0.4533334","279.88336","312.24002","0","32.356667","279.88336","0.0062356293"
"4/12/2025 11:30","274.94","38.333332","1.5099999","235.09666","242.02333","0","6.9266667","235.09666","0.006548036"
"4/12/2025 11:45","174.52","0","0","174.52","273.83334","0","99.31333","174.52","0.006548036"
"4/12/2025 12:00","135.65334","0","0","135.65334","338.31","0","202.65668","135.65334","0.006548036"
"4/12/2025 12:15","228.2","0","0","228.2","409.77335","0","181.57335","228.2","0.006548036"
"4/12/2025 12:30","198.11667","2.33","0","195.78667","324.08667","0","128.3","195.78667","0.006131494"
"4/12/2025 12:45","153.81","0","0","153.81","258.36","0","104.549995","153.81","0.010296911"
"4/12/2025 13:00","184.34334","0","0","184.34334","319.37003","0","135.02669","184.34334","0.010296911"
"4/12/2025 13:15","89.76667","0","0","89.76667","378.38998","0","288.62332","89.76667","0.010296911"
"4/12/2025 13:30","129.69333","0","0","129.69333","450.44","0","320.74667","129.69333","0.010296911"
"4/12/2025 13:45","128.67","0","0","128.67","386.85","0","258.18","128.67","0.010158064"
"4/12/2025 14:00","69.28667","0","0","69.28667","338.54","0","269.25336","69.28667","0.009880369"
"4/12/2025 14:15","58.233334","0","0","58.233334","746.39667","0","688.1633","58.233334","0.009880369"
"4/12/2025 14:30","74.44666","0","0","74.44666","380.50668","0","306.06003","74.44666","0.009880369"
"4/12/2025 14:45","120.776665","0","0","120.776665","319.29666","0","198.52","120.776665","0.010296911"
"4/12/2025 15:00","88.58","0","0","88.58","399.76666","0","311.18668","88.58","0.010296911"
"4/12/2025 15:15","94.66","0","0","94.66","1666.9767","0","1572.3167","94.66","0.010296911"
"4/12/2025 15:30","54.489998","0","0","54.489998","361.3","0","306.81","54.489998","0.010296911"
"4/12/2025 15:45","13.850001","0","0","13.850001","458.42667","0","444.57666","13.850001","0.010158064"
"4/12/2025 16:00","0","0","0","0","652.05","0","652.05","0","0.009880369"
"4/12/2025 16:15","0","0","0","0","392.16","0","392.16","0","0.009880369"
"4/12/2025 16:30","0","0","0","0","415.66333","0","415.66333","0","0.009880369"
"4/12/2025 16:45","0","0","0","0","348","0","348","0","0.0064091883"
"4/12/2025 17:00","0","0","0","0","1736.3434","0","1736.3434","0","0.004673598"
"4/12/2025 17:15","0","0","0","0","392.34332","0","392.34332","0","0.004673598"
"4/12/2025 17:30","0","0","0","0","530.16003","0","530.16003","0","0.004673598"
"4/12/2025 17:45","0","0","0","0","1023.47003","0","1023.47003","0","0.004673598"
"4/12/2025 18:00","0","0","0","0","351.14667","0.3333333","350.81332","0","0.0042570564"
"4/12/2025 18:15","0","0","0","0","441.41","0","441.41","0","0.0042570564"
"4/12/2025 18:30","0","0","0","0","468.52667","0","468.52667","0","0.0042570564"
"4/12/2025 18:45","0","0","0","0","477.27664","0","477.27664","0","0.0043959036"
"4/12/2025 19:00","0","0","0","0","853.7967","0","853.7967","0","0.004673598"
"4/12/2025 19:15","0","0","0","0","1623.7466","0","1623.7466","0","0.004673598"
"4/12/2025 19:30","0","0","0","0","794.6066","0","794.6066","0","0.004673598"
"4/12/2025 19:45","0","0","0","0","773.82666","0","773.82666","0","0.004673598"
"4/12/2025 20:00","0","0","0","0","727.23","0","727.23","0","0.0042570564"
"4/12/2025 20:15","0","0","0","0","862.6667","0","862.6667","0","0.0042570564"
"4/12/2025 20:30","0","0","0","0","767.6","0","767.6","0","0.0042570564"
"4/12/2025 20:45","0","0","0","0","729.00336","0","729.00336","0","0.0043959036"
"4/12/2025 21:00","0","0","0","0","732.5533","0","732.5533","0","0.004673598"
"4/12/2025 21:15","0","0","0","0","743.38","0","743.38","0","0.004673598"
"4/12/2025 21:30","0","0","0","0","696.65","0","696.65","0","0.004673598"
"4/12/2025 21:45","0","0","0","0","752.1567","0","752.1567","0","0.004673598"
"4/12/2025 22:00","0","0","0","0","675.6633","0","675.6633","0","0.0042570564"
"4/12/2025 22:15","0","0","0","0","658.55664","0","658.55664","0","0.0042570564"
"4/12/2025 22:30","0","0","0","0","552.4333","0","552.4333","0","0.0042570564"
"4/12/2025 22:45","0","0","0","0","481.9","0","481.9","0","0.0042570564"
"4/12/2025 23:00","0","0","0","0","548.2233","0","548.2233","0","0.0027991603"
"4/12/2025 23:15","0","0","0","0","564.16003","0","564.16003","0","0.0027991603"
"4/12/2025 23:30","0","0","0","0","566.44666","0","566.44666","0","0.0027991603"
"4/12/2025 23:45","0","0","0","0","504.33334","0","504.33334","0","0.0027991603"
"5/12/2025 00:00","0","0","0","0","384.15","0","384.15","0","0.0023826184"
"5/12/2025 00:15","0","0","0","0","451.15","0","451.15","0","0.0023826184"
"5/12/2025 00:30","0","0","0","0","461.63333","0","461.63333","0","0.0023826184"
"5/12/2025 00:45","0","0","0","0","395.81335","0","395.81335","0","0.0023826184"
"5/12/2025 01:00","0","0","0","0","311.91","0","311.91","0","0.002660313"
"5/12/2025 01:15","0","0","0","0","304.13","0","304.13","0","0.0027991603"
"5/12/2025 01:30","0","0","0","0","371.58667","0","371.58667","0","0.0027991603"
"5/12/2025 01:45","0","0","0","0","367.18","0","367.18","0","0.0027991603"
"5/12/2025 02:00","0","0","0","0","344.65668","0","344.65668","0","0.002660313"
"5/12/2025 02:15","0","0","0","0","270.79666","0","270.79666","0","0.0023826184"
"5/12/2025 02:30","0","0","0","0","305.26334","0","305.26334","0","0.0023826184"
"5/12/2025 02:45","0","0","0","0","376.40335","0","376.40335","0","0.0023826184"
"5/12/2025 03:00","0","0","0","0","407.00668","0","407.00668","0","0.002660313"
"5/12/2025 03:15","0","0","0","0","390.6733","0","390.6733","0","0.0027991603"
"5/12/2025 03:30","0","0","0","0","338.19333","0","338.19333","0","0.0027991603"
"5/12/2025 03:45","0","0","0","0","352.5","0","352.5","0","0.0027991603"
"5/12/2025 04:00","0","0","0","0","403.76334","0","403.76334","0","0.002660313"
"5/12/2025 04:15","0","0","0","0","385.07333","0","385.07333","0","0.0023826184"
"5/12/2025 04:30","0","0","0","0","372.73666","0","372.73666","0","0.0023826184"
"5/12/2025 04:45","0","0","0","0","394.65332","0","394.65332","0","0.0023826184"
"5/12/2025 05:00","0","0","0","0","363.37","0","363.37","0","0.0022090594"
"5/12/2025 05:15","0","0","0","0","367.71332","0","367.71332","0","0.0018619413"
"5/12/2025 05:30","0","0","0","0","353.79333","0","353.79333","0","0.0018619413"
"5/12/2025 05:45","0","0","0","0","384.61667","0","384.61667","0","0.0018619413"
"5/12/2025 06:00","0","0","0","0","337.72665","0","337.72665","0","0.0017230941"
"5/12/2025 06:15","0","0","0","0","266.78668","0","266.78668","0","0.0014453997"
"5/12/2025 06:30","0","0","0","0","336.3","0","336.3","0","0.0014453997"
"5/12/2025 06:45","0","0","0","0","375.33002","0","375.33002","0","0.0014453997"
"5/12/2025 07:00","0","0","0","0","726.8833","0","726.8833","0","0.0014453997"
"5/12/2025 07:15","0","0","0","0","359.59668","0","359.59668","0","0.0018619413"
"5/12/2025 07:30","0","0","0","0","301.83334","0","301.83334","0","0.0018619413"
"5/12/2025 07:45","0","0","0","0","1093.4299","0","1093.4299","0","0.0018619413"
"5/12/2025 08:00","0","0","0","0","421.5533","1.6566665","419.89664","0","0.0018619413"
"5/12/2025 08:15","10.66","0","0","10.66","2716.5466","3.9366663","2701.95","10.66","0.0014453997"
"5/12/2025 08:30","47.053333","0","0","47.053333","483.62332","0","436.56998","47.053333","0.0014453997"
"5/12/2025 08:45","51.34","0","0","51.34","400.29333","0","348.95334","51.34","0.0014453997"
"5/12/2025 09:00","61.486668","0","0","61.486668","636.9167","0","575.43","61.486668","0.0014453997"
"5/12/2025 09:15","130.07666","0","0","130.07666","613.97","0","483.89334","130.07666","0.0018619413"
"5/12/2025 09:30","183.08","0","0","183.08","479.00668","0","295.9267","183.08","0.0018619413"
"5/12/2025 09:45","339.78665","40.663334","0.13666667","298.98666","1049.92","0","750.93335","298.98666","0.0020355005"
"5/12/2025 10:00","330.20667","0","0","330.20667","1065.75","0","735.54333","330.20667","0.0022090594"
"5/12/2025 10:15","619.32666","244.33333","0","374.99335","392.73","0","17.736666","374.99335","0.0027991603"
"5/12/2025 10:30","402.27","59.333332","7.74","335.19666","391.38666","0","56.19","335.19666","0.008005931"
"5/12/2025 10:45","621.18335","332.66666","7.3833337","281.13333","284.28","0","3.1466665","281.13333","0.0089084385"
"5/12/2025 11:00","308.09665","67.66666","0.42999992","239.99998","290.76666","0","50.76667","239.99998","0.01296972"
"5/12/2025 11:15","387.71667","77.666664","1.5133333","308.53668","343.86334","0","35.326668","308.53668","0.013594533"
"5/12/2025 11:30","573.87335","170.66667","1.11","402.09668","1089.88","0","687.7833","402.09668","0.0147053115"
"5/12/2025 11:45","989.20996","604.6666","14.846665","369.69662","369.69662","0","0","369.69662","0.023452688"
"5/12/2025 12:00","708.13666","392.66666","5.806667","309.66333","330.73666","0","21.073334","309.66333","0.039211847"
"5/12/2025 12:15","759.6933","430.99664","2.5799997","326.11664","342.17","0","16.053375","326.11664","0.050319627"
"5/12/2025 12:30","643.68","223.33333","0.41","419.93668","428.68332","0","8.746643","419.93668","0.056255348"
"5/12/2025 12:45","799.95667","331.66666","9.033333","459.25668","459.61","0","0.353302","459.25668","0.063267134"
"5/12/2025 13:00","549.84","80.33334","56.866673","412.64005","847.97003","435.33","0","412.64005","0.058268633"
"5/12/2025 13:15","352.61667","0","2.5033336","350.11334","1719.0732","1365.3333","3.6266665","350.11334","0.036712598"
"5/12/2025 13:30","361.24","105.666664","0.93333334","254.64","698.21","427.33334","16.236668","254.64","0.00720756"
"5/12/2025 13:45","307.51666","64","1.2833333","242.23332","1114.8534","456.66672","415.9534","242.23332","0.00065119355"
"5/12/2025 14:00","681.49664","296.99997","0","384.4966","1761.6567","0","1377.16","384.4966","0.006582747"
"5/12/2025 14:15","838.4033","0","0","838.4033","4056.62","0","3218.217","838.4033","0.007658813"
"5/12/2025 14:30","1083.6367","0","0","1083.6367","2699.3267","0","1615.6901","1083.6367","0.007485254"
"5/12/2025 14:45","435.77","0","0","435.77","2725.1033","0","2289.3333","435.77","0.007485254"
"5/12/2025 15:00","289.99335","0","0","289.99335","2756.7168","0","2466.7234","289.99335","0.007485254"
"5/12/2025 15:15","285.88","0","0","285.88","2994.3599","0","2708.48","285.88","0.007485254"
"5/12/2025 15:30","287.24332","0","0","287.24332","2914.5366","0","2627.2932","287.24332","0.007485254"
"5/12/2025 15:45","376.6","0","0","376.6","4091.9734","0","3715.3733","376.6","0.007485254"
"5/12/2025 16:00","131.19667","0","0","131.19667","1148.0133","0","1016.81665","131.19667","0.009984504"
"5/12/2025 16:15","29.333334","0","0","29.333334","513.0233","0","483.69","29.333334","0.0147053115"
"5/12/2025 16:30","0.51666665","0","0","0.51666665","553.69666","0","553.18","0.51666665","0.014566464"
"5/12/2025 16:45","0","0","0","0","562.85333","0","562.85333","0","0.014566464"
"5/12/2025 17:00","0","0","0","0","646.18","0","646.18","0","0.014566464"
"5/12/2025 17:15","0","0","0","0","520.38","0","520.38","0","0.014566464"
"5/12/2025 17:30","0","0","0","0","710.5867","0","710.5867","0","0.014566464"
"5/12/2025 17:45","0","0","0","0","475.05","0","475.05","0","0.014566464"
"5/12/2025 18:00","0","0","0","0","439.88998","0","439.88998","0","0.014566464"
"5/12/2025 18:15","0","0","0","0","552.26","0","552.26","0","0.014844159"
"5/12/2025 18:30","0","0","0","0","447.58667","0","447.58667","0","0.014566464"
"5/12/2025 18:45","0","0","0","0","517.5267","0","517.5267","0","0.014566464"
"5/12/2025 19:00","0","0","0","0","580.16","0","580.16","0","0.014566464"
"5/12/2025 19:15","0","0","0","0","412.8267","0","412.8267","0","0.014566464"
"5/12/2025 19:30","0","0","0","0","392.39334","0","392.39334","0","0.014566464"
"5/12/2025 19:45","0","0","0","0","486.27002","0","486.27002","0","0.014566464"
"5/12/2025 20:00","0","0","0","0","552.3233","0","552.3233","0","0.014566464"
"5/12/2025 20:15","0","0","0","0","589.04","0","589.04","0","0.012692026"
"5/12/2025 20:30","0","0","0","0","849.30005","0","849.30005","0","0.01123413"
"5/12/2025 20:45","0","0","0","0","819.35333","0","819.35333","0","0.01123413"
"5/12/2025 21:00","0","0","0","0","497.39667","0","497.39667","0","0.01123413"
"5/12/2025 21:15","0","0","0","0","498.42334","0","498.42334","0","0.01123413"
"5/12/2025 21:30","0","0","0","0","415.49332","0","415.49332","0","0.01123413"
"5/12/2025 21:45","0","0","0","0","406.13","0","406.13","0","0.01123413"
"5/12/2025 22:00","0","0","0","0","330.22665","0","330.22665","0","0.01123413"
"5/12/2025 22:15","0","0","0","0","402.03333","0","402.03333","0","0.011581248"
"5/12/2025 22:30","0","0","0","0","379.26666","0","379.26666","0","0.011407688"
"5/12/2025 22:45","0","0","0","0","338.28333","0","338.28333","0","0.01123413"
"5/12/2025 23:00","0","0","0","0","420.57333","0","420.57333","0","0.01123413"
"5/12/2025 23:15","0","0","0","0","401.38","0","401.38","0","0.01123413"
"5/12/2025 23:30","0","0","0","0","389.76666","0","389.76666","0","0.01123413"
"5/12/2025 23:45","0","0","0","0","360.03333","0","360.03333","0","0.01123413"
"6/12/2025 00:00","0","0","0","0","319.28333","0","319.28333","0","0.01123413"
"6/12/2025 00:15","0","0","0","0","311.87668","0","311.87668","0","0.010296911"
"6/12/2025 00:30","0","0","0","0","575.88666","0","575.88666","0","0.008283626"
"6/12/2025 00:45","0","0","0","0","361.20667","0","361.20667","0","0.008005931"
"6/12/2025 01:00","0","0","0","0","387.55","0.37333333","387.17667","0","0.008005931"
"6/12/2025 01:15","0","0","0","0","336.69333","0","336.69333","0","0.008005931"
"6/12/2025 01:30","0","0","0","0","333.95334","0","333.95334","0","0.008005931"
"6/12/2025 01:45","0","0","0","0","367.00333","0","367.00333","0","0.008005931"
"6/12/2025 02:00","0","0","0","0","391.80002","0","391.80002","0","0.008005931"
"6/12/2025 02:15","0","0","0","0","363.54333","0","363.54333","0","0.008144778"
"6/12/2025 02:30","0","0","0","0","309.93668","0","309.93668","0","0.008422473"
"6/12/2025 02:45","0","0","0","0","302.96667","1.7133332","301.25333","0","0.008005931"
"6/12/2025 03:00","0","0","0","0","384.7967","0","384.7967","0","0.008005931"
"6/12/2025 03:15","0","0","0","0","389.44666","0","389.44666","0","0.008005931"
"6/12/2025 03:30","0","0","0","0","407.73","0","407.73","0","0.008005931"
"6/12/2025 03:45","0","0","0","0","346.61667","0","346.61667","0","0.008005931"
"6/12/2025 04:00","0","0","0","0","346.09665","0","346.09665","0","0.008005931"
"6/12/2025 04:15","0","0","0","0","389.18668","0","389.18668","0","0.008005931"
"6/12/2025 04:30","0","0","0","0","415","0","415","0","0.0033198374"
"6/12/2025 04:45","0","0","0","0","372.93","0.97499996","371.955","0","0.0027991603"
"6/12/2025 05:00","0","0","0","0","379.84","0","379.84","0","0.0027991603"
"6/12/2025 05:15","0","0","0","0","341.44998","0","341.44998","0","0.0027991603"
"6/12/2025 05:30","0","0","0","0","385.83667","0","385.83667","0","0.0027991603"
"6/12/2025 05:45","0","0","0","0","371.78668","0","371.78668","0","0.0027991603"
"6/12/2025 06:00","0","0","0","0","256.43332","0","256.43332","0","0.0027991603"
"6/12/2025 06:15","0","0","0","0","354.01334","0","354.01334","0","0.0027991603"
"6/12/2025 06:30","0","0","0","0","303.9467","0","303.9467","0","0.0031462782"
"6/12/2025 06:45","0","0","0","0","329.75","0","329.75","0","0.0029727193"
"6/12/2025 07:00","0","0","0","0","317.98334","0","317.98334","0","0.0027991603"
"6/12/2025 07:15","0","0","0","0","318.69","0","318.69","0","0.0027991603"
"6/12/2025 07:30","0","0","0","0","791.98334","0","791.98334","0","0.0027991603"
"6/12/2025 07:45","56.51","0","0","56.51","1010.29004","4.6366673","949.14343","56.51","0.0027991603"
"6/12/2025 08:00","257.53665","9.666667","13.71","234.15999","365.13666","0","130.97667","234.15999","0.0027991603"
"6/12/2025 08:15","358.47998","21.333332","0","337.14664","357.75333","0","20.60669","337.14664","0.0027991603"
"6/12/2025 08:30","340.02","0","0","340.02","449.41333","0","109.39333","340.02","0.0031462782"
"6/12/2025 08:45","397.99667","27","0","370.99667","436.83","0","65.83331","370.99667","0.0033198374"
"6/12/2025 09:00","903.06","483.66666","11.756667","407.63666","423.58667","0","15.95","407.63666","0.0058190874"
"6/12/2025 09:15","686.5667","308.33337","0","378.23337","481.23666","0","103.003296","378.23337","0.0142193455"
"6/12/2025 09:30","927.82666","161","16.883333","749.9433","1172.2633","0","422.31998","749.9433","0.015468971"
"6/12/2025 09:45","959.38","220.66666","0","738.7133","1620.0034","0","881.2901","738.7133","0.01716985"
"6/12/2025 10:00","1418.3633","1011","8.246667","399.11667","447.74335","0","48.626667","399.11667","0.03372738"
"6/12/2025 10:15","1312.71","798.6667","3.1833334","510.86","515.23","0","4.37","510.86","0.052367624"
"6/12/2025 10:30","2020.5834","1563.6666","7.4966664","449.42","452.58","0","3.1599731","449.42","0.084198356"
"6/12/2025 10:45","2198.71","1744.66","4.2233334","449.82666","453.48334","0","3.6566668","449.82666","0.126998"
"6/12/2025 11:00","2349.3635","1298.6635","1.4766668","1049.2234","1188.59","135.66667","3.7","1049.2234","0.16806209"
"6/12/2025 11:15","2155.61","0","4.77","2150.84","5093.12","2644.3333","297.9467","2150.84","0.14827636"
"6/12/2025 11:30","2243.6765","1809.9965","6.176666","427.50327","427.50327","0","0","427.50327","0.14529113"
"6/12/2025 11:45","1941.1499","387.3333","4.7299995","1549.0865","1717.52","162.00014","6.4333386","1549.0865","0.17278288"
"6/12/2025 12:00","2415.6199","20","5.863333","2389.7566","2440.0366","44.333332","5.9466662","2389.7566","0.16948527"
"6/12/2025 12:15","2433.1467","0","2.6233335","2430.5234","3107.1233","432.66656","243.9333","2430.5234","0.16167511"
"6/12/2025 12:30","2420.3933","0","29.26","2391.1333","2613.1367","209.66667","12.336667","2391.1333","0.15497573"
"6/12/2025 12:45","2490.6533","23","0","2467.6533","2684.1067","158","58.45334","2467.6533","0.14529113"
"6/12/2025 13:00","2127.3867","0","2.48","2124.9067","2723.7769","591.33","7.54","2124.9067","0.13279489"
"6/12/2025 13:15","1871.1234","0","4.3566666","1866.7667","2518.1","637.3333","14","1866.7667","0.1187366"
"6/12/2025 13:30","1396.3933","0","0","1396.3933","2821.5432","1388.3333","36.81666","1396.3933","0.09606979"
"6/12/2025 13:45","1168.3767","0","20.356667","1148.02","3218.0068","1665.0002","404.9867","1148.02","0.041884657"
"6/12/2025 14:00","1258.9366","0","1.16","1257.7766","2395.9233","709.6667","428.47998","1257.7766","0.005614982"
"6/12/2025 14:15","959.38","0","0","959.38","2447.2466","0","1487.8667","959.38","0"
"6/12/2025 14:30","826.0733","0","0","826.0733","4384.5103","0","3558.4368","826.0733","0"
"6/12/2025 14:45","920.88666","0","0","920.88666","2425.34","0","1504.4534","920.88666","0"
"6/12/2025 15:00","847.98334","114.333336","0","733.65","1823.6666","0","1090.0166","733.65","0.0014190188"
"6/12/2025 15:15","557.6667","185.33","15.8","356.53668","356.53668","0","0","356.53668","0.005645529"
"6/12/2025 15:30","270.02667","22","0","248.02667","389.08002","0","141.05333","248.02667","0.006548036"
"6/12/2025 15:45","150.39667","0","0","150.39667","321.49","0","171.09334","150.39667","0.006548036"
"6/12/2025 16:00","85.74","0","0","85.74","330.52332","0","244.78333","85.74","0.006548036"
"6/12/2025 16:15","10.363334","0","0","10.363334","940.56665","0","930.2033","10.363334","0.006548036"
"6/12/2025 16:30","0","0","0","0","911.93665","0","911.93665","0","0.006548036"
"6/12/2025 16:45","0","0","0","0","412.15","0","412.15","0","0.006548036"
"6/12/2025 17:00","0","0","0","0","315.10666","0","315.10666","0","0.006548036"
"6/12/2025 17:15","0","0","0","0","386.82333","0","386.82333","0","0.014983006"
"6/12/2025 17:30","0","0","0","0","431.81332","0","431.81332","0","0.014566464"
"6/12/2025 17:45","0","0","0","0","420.29333","0","420.29333","0","0.014566464"
"6/12/2025 18:00","0","0","0","0","558.26","0","558.26","0","0.014566464"
"6/12/2025 18:15","0","0","0","0","422.61334","0","422.61334","0","0.014566464"
"6/12/2025 18:30","0","0","0","0","385.83664","103","282.83664","0","0.014436295"
"6/12/2025 18:45","0","0","0","0","471.86667","468.48666","3.38","0","0.0053331223"
"6/12/2025 19:00","0","0","0","0","487.52335","0","487.52335","0","0"
"6/12/2025 19:15","0","0","0","0","476.22","0","476.22","0","0"
"6/12/2025 19:30","0","0","0","0","339.38333","0","339.38333","0","0"
"6/12/2025 19:45","0","0","0","0","376.85666","0","376.85666","0","0"
"6/12/2025 20:00","0","0","0","0","456.18","0","456.18","0","0"
"6/12/2025 20:15","0","0","0","0","530.3367","0","530.3367","0","0"
"6/12/2025 20:30","0","0","0","0","465.29666","0","465.29666","0","0"
"6/12/2025 20:45","0","0","0","0","421.99332","0","421.99332","0","0"
"6/12/2025 21:00","0","0","0","0","452.45667","0","452.45667","0","0"
"6/12/2025 21:15","0","0","0","0","2560.0269","0","2560.0269","0","0"
"6/12/2025 21:30","0","0","0","0","3654.96","0","3654.96","0","0"
"6/12/2025 21:45","0","0","0","0","744.9067","0","744.9067","0","0"
"6/12/2025 22:00","0","0","0","0","341.69","0","341.69","0","0"
"6/12/2025 22:15","0","0","0","0","323.94998","1.3633332","322.58664","0","0"
"6/12/2025 22:30","0","0","0","0","365.72","0","365.72","0","0"
"6/12/2025 22:45","0","0","0","0","352.88666","0","352.88666","0","0"
"6/12/2025 23:00","0","0","0","0","377.04333","0","377.04333","0","0"
"6/12/2025 23:15","0","0","0","0","329.68332","0","329.68332","0","0"
"6/12/2025 23:30","0","0","0","0","335.25998","0","335.25998","0","0"
"6/12/2025 23:45","0","0","0","0","413.59335","0","413.59335","0","0"
"7/12/2025 00:00","0","0","0","0","427.14334","0","427.14334","0","0"
"7/12/2025 00:15","0","0","0","0","411.02664","0","411.02664","0","0"
"7/12/2025 00:30","0","0","0","0","399.65665","0","399.65665","0","0"
"7/12/2025 00:45","0","0","0","0","380.61334","0","380.61334","0","0"
"7/12/2025 01:00","0","0","0","0","424.98666","0","424.98666","0","0"
"7/12/2025 01:15","0","0","0","0","373.69","0","373.69","0","0"
"7/12/2025 01:30","0","0","0","0","349.88","0","349.88","0","0"
"7/12/2025 01:45","0","0","0","0","402.63333","3.3400002","399.29333","0","0"
"7/12/2025 02:00","0","0","0","0","325.04333","0","325.04333","0","0"
"7/12/2025 02:15","0","0","0","0","493.98666","0","493.98666","0","0"
"7/12/2025 02:30","0","0","0","0","434.1967","0","434.1967","0","0"
"7/12/2025 02:45","0","0","0","0","347.90332","0","347.90332","0","0"
"7/12/2025 03:00","0","0","0","0","438.63333","0","438.63333","0","0"
"7/12/2025 03:15","0","0","0","0","379.65332","0","379.65332","0","0"
"7/12/2025 03:30","0","0","0","0","422.52667","0","422.52667","0","0"
"7/12/2025 03:45","0","0","0","0","386.38666","0","386.38666","0","0"
"7/12/2025 04:00","0","0","0","0","346.27335","0","346.27335","0","0"
"7/12/2025 04:15","0","0","0","0","398.09332","0","398.09332","0","0"
"7/12/2025 04:30","0","0","0","0","325.0167","0","325.0167","0","0"
"7/12/2025 04:45","0","0","0","0","347.13666","0","347.13666","0","0"
"7/12/2025 05:00","0","0","0","0","365.88333","0","365.88333","0","0"
"7/12/2025 05:15","0","0","0","0","349.82666","0","349.82666","0","0"
"7/12/2025 05:30","0","0","0","0","402","0","402","0","0"
"7/12/2025 05:45","0","0","0","0","380.75","0","380.75","0","0"
"7/12/2025 06:00","0","0","0","0","360.36334","0","360.36334","0","0"
"7/12/2025 06:15","0","0","0","0","367.1","0","367.1","0","0"
"7/12/2025 06:30","0","0","0","0","303.42334","0","303.42334","0","0"
"7/12/2025 06:45","0","0","0","0","331.85","1.0566667","330.79333","0","0"
"7/12/2025 07:00","0","0","0","0","332.49332","0","332.49332","0","0"
"7/12/2025 07:15","0","0","0","0","348.99335","0","348.99335","0","0"
"7/12/2025 07:30","0","0","0","0","313.98334","0","313.98334","0","0"
"7/12/2025 07:45","12.873333","0","0","12.873333","230.34666","8.256667","209.21666","12.873333","0"
"7/12/2025 08:00","79.02334","0","0","79.02334","307.87","0","228.84665","79.02334","0"
"7/12/2025 08:15","133.01666","0","0","133.01666","302.74667","0","169.73001","133.01666","0"
"7/12/2025 08:30","381.7333","126.99999","0","254.7333","293.32666","0","38.593353","254.7333","0"
"7/12/2025 08:45","770.1267","497.33334","1.7033334","271.09","274.05667","0","2.9666667","271.09","0.0056455284"
"7/12/2025 09:00","423.19","173.33333","0","249.85667","251.01666","0","1.1599884","249.85667","0.013282127"
"7/12/2025 09:15","602.24664","341","8.536667","252.70999","256.32333","0","3.6133335","252.70999","0.011581248"
"7/12/2025 09:30","1133.4366","858.3333","2.8033333","272.3","282.57333","0","10.273334","272.3","0.025465973"
"7/12/2025 09:45","1141.5233","892.3333","3.756667","245.43332","261.06668","0","15.633362","245.43332","0.047959223"
"7/12/2025 10:00","1709.0867","1414.3334","0","294.75333","322.91333","0","28.16","294.75333","0.07715186"
"7/12/2025 10:15","1959.9601","530.66675","1.1633334","1428.1301","2285.2466","839.3331","17.783329","1428.1301","0.093119286"
"7/12/2025 10:30","2258.03","18","0.78","2239.25","2492.7566","211.66661","41.83999","2239.25","0.083712384"
"7/12/2025 10:45","2232.94","33.333332","22.616667","2176.99","2430.8767","212.33337","41.553345","2176.99","0.08062304"
"7/12/2025 11:00","1061.9833","0","0.66333336","1061.32","2976.1233","1914.3334","0.47000003","1061.32","0.054866873"
"7/12/2025 11:15","1215.6934","843.6667","8.493334","363.53336","363.53336","0","0","363.53336","0.04657075"
"7/12/2025 11:30","1081.3734","773.6667","6.02","301.68668","319.08667","0","17.4","301.68668","0.0667036"
"7/12/2025 11:45","1282.25","985.3333","13.856667","283.06","283.75665","0","0.69666666","283.06","0.08655876"
"7/12/2025 12:00","1849.7533","1511","10.73","328.02332","355.77667","0","27.753355","328.02332","0.11651505"
"7/12/2025 12:15","1415.3967","1005","0","410.39667","421.26334","0","10.866667","410.39667","0.15122686"
"7/12/2025 12:30","2403.8467","1384.3334","31.443335","988.06995","993.1","0","5.03","988.06995","0.18416837"
"7/12/2025 12:45","1170.6134","523.66675","9.913334","637.0334","929.36334","292.32996","0","637.0334","0.19340171"
"7/12/2025 13:00","1299.43","1032.0001","9.690001","257.74002","258.45334","0","0.7133179","257.74002","0.20870961"
"7/12/2025 13:15","1169.7899","852.9999","0","316.78995","322.94666","0","6.1567082","316.78995","0.23321614"
"7/12/2025 13:30","830.49","476.33334","2.7933333","351.36334","353.24002","0","1.8766667","351.36334","0.24901001"
"7/12/2025 13:45","782.22003","496.3334","0","285.8867","293.61667","0","7.7299805","285.8867","0.2622699"
"7/12/2025 14:00","710.39667","454.33334","1.0166667","255.04668","257.36","0","2.3133087","255.04668","0.27150327"
"7/12/2025 14:15","733.99335","457.00006","0","276.99335","279.52","0","2.5266418","276.99335","0.2813267"
"7/12/2025 14:30","801.0467","486","1.2966667","313.75","315.41333","0","1.6633333","313.75","0.29208738"
"7/12/2025 14:45","709.82666","393.66666","0.026666665","316.13333","319.48666","0","3.3533332","316.13333","0.30475718"
"7/12/2025 15:00","593.75","263","2.8766668","327.87332","330.48666","0","2.6133332","327.87332","0.31194252"
"7/12/2025 15:15","328.12668","100.66668","0.64666677","226.81335","279.86334","52","1.0500001","226.81335","0.31631622"
"7/12/2025 15:30","329.61002","82.32667","0","247.28334","266.06332","13.333322","5.446662","247.28334","0.31586495"
"7/12/2025 15:45","279.27","4.9999995","4.026666","270.24332","294.24335","24.00003","0","270.24332","0.31586495"
"7/12/2025 16:00","129.59999","0","0","129.59999","307.55664","175.66333","2.2933333","129.59999","0.31367812"
"7/12/2025 16:15","26.93","0","0","26.93","304.03","273","4.1","26.93","0.3086796"
"7/12/2025 16:30","0","0","0","0","254.28001","254.00003","0.28000003","0","0.3000711"
"7/12/2025 16:45","0","0","0","0","258.86334","256.45334","2.41","0","0.29118487"
"7/12/2025 17:00","0","0","0","0","338.63666","337.22998","1.4066665","0","0.28240278"
"7/12/2025 17:15","0","0","0","0","356.65","356.21","0.44000003","0","0.27289173"
"7/12/2025 17:30","0","0","0","0","320.59","319","1.59","0","0.26351956"
"7/12/2025 17:45","0","0","0","0","253.70668","253.70668","0","0","0.25557053"
"7/12/2025 18:00","0","0","0","0","242.90999","239.99998","2.9099998","0","0.24772568"
"7/12/2025 18:15","0","0","0","0","282.69","282.69","0","0","0.23963782"
"7/12/2025 18:30","0","0","0","0","293.88998","291.02332","2.8666663","0","0.23116814"
"7/12/2025 18:45","0","0","0","0","297.3333","296.92664","0.4066666","0","0.22509357"
"7/12/2025 19:00","0","0","0","0","359.4","357.57666","1.8233333","0","0.21540898"
"7/12/2025 19:15","0","0","0","0","312.89667","311.87332","1.0233332","0","0.20527314"
"7/12/2025 19:30","0","0","0","0","329.54","329.50336","0.03666667","0","0.19541499"
"7/12/2025 19:45","0","0","0","0","341.97","337.44666","4.523333","0","0.18618165"
"7/12/2025 20:00","0","0","0","0","365.31668","364.4167","0.90000015","0","0.17621936"
"7/12/2025 20:15","0","0","0","0","396.95334","395.16","1.7933334","0","0.16466032"
"7/12/2025 20:30","0","0","0","0","323.41333","321.33","2.0833333","0","0.1537261"
"7/12/2025 20:45","0","0","0","0","365.6","363.40668","2.1933334","0","0.14525643"
"7/12/2025 21:00","0","0","0","0","407.92334","404.99667","2.9266667","0","0.13480817"
"7/12/2025 21:15","0","0","0","0","338.61667","336","2.6166668","0","0.12390866"
"7/12/2025 21:30","0","0","0","0","350.73","350.47","0.26000002","0","0.11995152"
"7/12/2025 21:45","0","0","0","0","311.2","310.69","0.51","0","0.10967682"
"7/12/2025 22:00","0","0","0","0","342.32666","339.89334","2.4333334","0","0.099193856"
"7/12/2025 22:15","0","0","0","0","323.44333","322.83667","0.6066667","0","0.08704472"
"7/12/2025 22:30","0","0","0","0","257.70334","257.70334","0","0","0.07607579"
"7/12/2025 22:45","0","0","0","0","328.43668","328.32333","0.11333334","0","0.067328416"
"7/12/2025 23:00","0","0","0","0","357.44333","356.28333","1.1599998","0","0.05594294"
"7/12/2025 23:15","0","0","0","0","332.87335","331.33334","1.54","0","0.04389794"
"7/12/2025 23:30","0","0","0","0","305.64","304.94","0.7","0","0.03501172"
"7/12/2025 23:45","0","0","0","0","275.4","275.4","0","0","0.02577838"