t,mean_abs_error_y,mean_abs_error_Z_S,mean_rel_error_Z_S,mean_rel_error_Z_S_legacy,mean_abs_error_Z_H,mean_rel_error_Z_H,mean_rel_error_Z_H_legacy,mean_abs_error_Z_V,mean_rel_error_Z_V,mean_rel_error_Z_V_legacy,mean_abs_error_Z_X,mean_rel_error_Z_X,mean_rel_error_Z_X_legacy
0.0,11.447145462036133,4.977858066558838,0.2688465714454651,0.2688465714454651,0.2091640681028366,0.0,20916378.0,0.594646692276001,0.4979742765426636,0.4979742765426636,0.0,0.0,0.0
0.02500000037252903,11.185091018676758,4.77394437789917,0.26523998379707336,0.26523998379707336,0.20541433990001678,0.0,20541438.0,0.5923787355422974,0.3739537298679352,0.3739537298679352,0.0,0.0,0.0
0.05000000074505806,10.901898384094238,4.551266670227051,0.2596552073955536,0.2596552073955536,0.2017248123884201,0.0,20172490.0,0.5897761583328247,0.555332601070404,0.555332601070404,0.0,0.0,0.0
0.07500000298023224,10.66336441040039,4.3664021492004395,0.25584113597869873,0.25584113597869873,0.1976560354232788,0.0,19765610.0,0.5876129865646362,0.6442266702651978,0.6442266702651978,0.0,0.0,0.0
0.10000000149011612,10.455292701721191,4.1990156173706055,0.2528218924999237,0.2528218924999237,0.19456687569618225,0.0,19456682.0,0.5864133238792419,0.439911812543869,0.439911812543869,0.0,0.0,0.0
0.125,10.292318344116211,4.070589065551758,0.25054654479026794,0.25054654479026794,0.1907949000597,0.0,19079500.0,0.5850881934165955,0.397785484790802,0.397785484790802,0.0,0.0,0.0
0.15000000596046448,10.08273983001709,3.9002976417541504,0.24590659141540527,0.24590659141540527,0.18651334941387177,0.0,18651320.0,0.5832958817481995,0.43278348445892334,0.43278348445892334,0.0,0.0,0.0
0.17500001192092896,9.860215187072754,3.7232377529144287,0.24251632392406464,0.24251632392406464,0.18181930482387543,0.0,18181950.0,0.5817487239837646,0.4104316532611847,0.4104316532611847,0.0,0.0,0.0
0.20000001788139343,9.66225528717041,3.559802293777466,0.2399982064962387,0.2399982064962387,0.17729490995407104,0.0,17729496.0,0.5810771584510803,0.5923277735710144,0.5923277735710144,0.0,0.0,0.0
0.2250000238418579,9.536778450012207,3.464787483215332,0.23940491676330566,0.23940491676330566,0.17351821064949036,0.0,17351828.0,0.579511284828186,0.42168498039245605,0.42168498039245605,0.0,0.0,0.0
0.2500000298023224,9.38158130645752,3.3335604667663574,0.23577405512332916,0.23577405512332916,0.17084865272045135,0.0,17084876.0,0.5810868144035339,0.3630145192146301,0.3630145192146301,0.0,0.0,0.0
0.27500003576278687,9.29442310333252,3.2543935775756836,0.23442481458187103,0.23442481458187103,0.16833165287971497,0.0,16833164.0,0.5789651870727539,10.320465087890625,10.320465087890625,0.0,0.0,0.0
0.30000004172325134,9.224021911621094,3.183687925338745,0.23284265398979187,0.23284265398979187,0.1657055914402008,0.0,16570562.0,0.5805614590644836,0.34698671102523804,0.34698671102523804,0.0,0.0,0.0
0.3250000476837158,9.087678909301758,3.0793323516845703,0.23172716796398163,0.23172716796398163,0.16181661188602448,0.0,16181649.0,0.5795145034790039,0.4058924913406372,0.4058924913406372,0.0,0.0,0.0
0.3500000536441803,8.989720344543457,3.003100872039795,0.2304200530052185,0.2304200530052185,0.1582881212234497,0.0,15828819.0,0.579566478729248,0.37767598032951355,0.37767598032951355,0.0,0.0,0.0
0.3750000596046448,8.923884391784668,2.9496941566467285,0.22985652089118958,0.22985652089118958,0.1561708003282547,0.0,15617082.0,0.5801432132720947,0.3502601385116577,0.3502601385116577,0.0,0.0,0.0
0.40000006556510925,8.82287883758545,2.872497797012329,0.22935450077056885,0.22935450077056885,0.15354055166244507,0.0,15354049.0,0.5803461670875549,0.36658671498298645,0.36658671498298645,0.0,0.0,0.0
0.42500007152557373,8.754631042480469,2.8169970512390137,0.22899143397808075,0.22899143397808075,0.15025950968265533,0.0,15025964.0,0.5803701281547546,0.4796312153339386,0.4796312153339386,0.0,0.0,0.0
0.4500000774860382,8.701637268066406,2.7747080326080322,0.228840634226799,0.228840634226799,0.14723341166973114,0.0,14723343.0,0.578461766242981,0.3207519054412842,0.3207519054412842,0.0,0.0,0.0
0.4750000834465027,8.653922080993652,2.734520435333252,0.2288644015789032,0.2288644015789032,0.14374521374702454,0.0,14374527.0,0.5776966214179993,0.5209404826164246,0.5209404826164246,0.0,0.0,0.0
0.5000000596046448,8.572955131530762,2.6652748584747314,0.23037272691726685,0.23037272691726685,0.1416551023721695,0.0,14165491.0,0.5775393843650818,0.39173394441604614,0.39173394441604614,0.0,0.0,0.0
0.5250000357627869,8.487537384033203,2.592489719390869,0.22990837693214417,0.22990837693214417,0.13889391720294952,0.0,13889371.0,0.5783427357673645,0.40745535492897034,0.40745535492897034,0.0,0.0,0.0
0.550000011920929,8.419134140014648,2.535459041595459,0.23033541440963745,0.23033541440963745,0.13679136335849762,0.0,13679136.0,0.5769772529602051,0.5240342617034912,0.5240342617034912,0.0,0.0,0.0
0.574999988079071,8.401812553405762,2.5206518173217773,0.23290935158729553,0.23290935158729553,0.13411355018615723,0.0,13411352.0,0.5760443806648254,0.3319336473941803,0.3319336473941803,0.0,0.0,0.0
0.5999999642372131,8.358559608459473,2.485551595687866,0.2339627742767334,0.2339627742767334,0.13219423592090607,0.0,13219411.0,0.5765238404273987,0.41064077615737915,0.41064077615737915,0.0,0.0,0.0
0.6249999403953552,8.304615020751953,2.439770460128784,0.2393270879983902,0.2393270879983902,0.13007739186286926,0.0,13007762.0,0.5777891278266907,0.32508695125579834,0.32508695125579834,0.0,0.0,0.0
0.6499999165534973,8.281000137329102,2.4194650650024414,0.2517397403717041,0.2517397403717041,0.12778404355049133,0.0,12778400.0,0.5769248604774475,0.3133203685283661,0.3133203685283661,0.0,0.0,0.0
0.6749998927116394,8.220575332641602,2.368342876434326,0.25479158759117126,0.25479158759117126,0.12526580691337585,0.0,12526565.0,0.5764281153678894,1.305626392364502,1.305626392364502,0.0,0.0,0.0
0.6999998688697815,8.178446769714355,2.334204912185669,0.25710293650627136,0.25710293650627136,0.12319265305995941,0.0,12319273.0,0.5763202905654907,0.6468786597251892,0.6468786597251892,0.0,0.0,0.0
0.7249998450279236,8.136265754699707,2.2978012561798096,0.3671233355998993,0.3671233355998993,0.12071067839860916,0.0,12071047.0,0.5763455629348755,0.38417789340019226,0.38417789340019226,0.0,0.0,0.0
0.7499998211860657,8.117905616760254,2.279945135116577,0.2748219966888428,0.2748219966888428,0.11903785914182663,0.0,11903780.0,0.5767979025840759,0.35930153727531433,0.35930153727531433,0.0,0.0,0.0
0.7749997973442078,8.08808708190918,2.2542810440063477,0.25442832708358765,0.25442832708358765,0.11600129306316376,0.0,11600134.0,0.576474130153656,0.34169697761535645,0.34169697761535645,0.0,0.0,0.0
0.7999997735023499,8.0575590133667,2.2270748615264893,1.0340137481689453,1.0340137481689453,0.11515875160694122,0.0,11515880.0,0.5760921835899353,0.32666146755218506,0.32666146755218506,0.0,0.0,0.0
0.8249997496604919,8.013874053955078,2.1885573863983154,0.26005348563194275,0.26005348563194275,0.1132313460111618,0.0,11323136.0,0.5763363242149353,0.4944806694984436,0.4944806694984436,0.0,0.0,0.0
0.849999725818634,7.978479385375977,2.1602416038513184,0.2608494758605957,0.2608494758605957,0.1110515370965004,0.0,11105152.0,0.5771018862724304,0.35149845480918884,0.35149845480918884,0.0,0.0,0.0
0.8749997019767761,7.978117942810059,2.15545392036438,0.278190016746521,0.278190016746521,0.10969545692205429,0.0,10969558.0,0.5759807229042053,0.32803186774253845,0.32803186774253845,0.0,0.0,0.0
0.8999996781349182,7.958095073699951,2.1401889324188232,0.29939866065979004,0.29939866065979004,0.1082063764333725,0.0,10820609.0,0.5762451887130737,0.30604541301727295,0.30604541301727295,0.0,0.0,0.0
0.9249996542930603,7.9356689453125,2.122786045074463,0.29096561670303345,0.29096561670303345,0.10707899183034897,0.0,10707920.0,0.5757961273193359,0.3541626036167145,0.3541626036167145,0.0,0.0,0.0
0.9499996304512024,7.931772232055664,2.116140604019165,0.36375585198402405,0.36375585198402405,0.1051136776804924,0.0,10511371.0,0.574070155620575,0.3619479537010193,0.3619479537010193,0.0,0.0,0.0
0.9749996066093445,7.9079179763793945,2.096423625946045,0.29784902930259705,0.29784902930259705,0.10368108004331589,0.0,10368110.0,0.574427604675293,0.46938520669937134,0.46938520669937134,0.0,0.0,0.0
0.9999995827674866,7.906822681427002,2.0960919857025146,0.30002152919769287,0.30002152919769287,0.10262040048837662,0.0,10262060.0,0.5742512941360474,0.4489728510379791,0.4489728510379791,0.0,0.0,0.0
1.024999976158142,7.815957069396973,2.027617931365967,0.30702731013298035,0.30702731013298035,0.07826951146125793,0.0,7826948.0,0.5891091823577881,0.3649851977825165,0.3649851977825165,0.0,0.0,0.0
1.0499999523162842,7.788243770599365,2.0032920837402344,0.4391184449195862,0.4391184449195862,0.07766222208738327,0.0,7766209.0,0.5860374569892883,0.32491353154182434,0.32491353154182434,0.0,0.0,0.0
1.0750000476837158,7.7775678634643555,1.9925990104675293,0.28837645053863525,0.28837645053863525,0.07672891765832901,0.0,7672898.0,0.583207368850708,0.3220573365688324,0.3220573365688324,0.0,0.0,0.0
1.100000023841858,7.7538042068481445,1.970335841178894,0.2779792845249176,0.2779792845249176,0.07507609575986862,0.0,7507600.5,0.5815072059631348,0.3265906274318695,0.3265906274318695,0.0,0.0,0.0
1.125,7.747057914733887,1.9613479375839233,0.2882428467273712,0.2882428467273712,0.07423746585845947,0.0,7423747.5,0.5794129967689514,0.3327070474624634,0.3327070474624634,0.0,0.0,0.0
1.149999976158142,7.740010738372803,1.955206036567688,0.31999385356903076,0.31999385356903076,0.0727369487285614,0.0,7273695.0,0.578392744064331,0.5382333397865295,0.5382333397865295,0.0,0.0,0.0
1.1749999523162842,7.738157749176025,1.9530327320098877,0.37566718459129333,0.37566718459129333,0.07219897210597992,0.0,7219904.0,0.5766037106513977,0.39769721031188965,0.39769721031188965,0.0,0.0,0.0
1.2000000476837158,7.729309558868408,1.945204496383667,0.2997400760650635,0.2997400760650635,0.07109582424163818,0.0,7109581.5,0.5742722153663635,0.35521143674850464,0.35521143674850464,0.0,0.0,0.0
1.225000023841858,7.733657360076904,1.9463623762130737,0.29157915711402893,0.29157915711402893,0.06992392241954803,0.0,6992399.0,0.5716263651847839,0.5945298671722412,0.5945298671722412,0.0,0.0,0.0
1.25,7.730833053588867,1.9431358575820923,0.3887988328933716,0.3887988328933716,0.0694538876414299,0.0,6945388.5,0.5690229535102844,0.31335943937301636,0.31335943937301636,0.0,0.0,0.0
1.2750000953674316,7.720695972442627,1.9344605207443237,0.30443280935287476,0.30443280935287476,0.06905115395784378,0.0,6905110.5,0.5672585964202881,0.36893850564956665,0.36893850564956665,0.0,0.0,0.0
1.3000000715255737,7.718145847320557,1.93252432346344,0.31766021251678467,0.31766021251678467,0.06873713433742523,0.0,6873727.5,0.5642691850662231,0.41696467995643616,0.41696467995643616,0.0,0.0,0.0
1.3250000476837158,7.719178676605225,1.9347773790359497,0.4087994396686554,0.4087994396686554,0.06762479990720749,0.0,6762469.5,0.5621168613433838,0.2993399500846863,0.2993399500846863,0.0,0.0,0.0
1.350000023841858,7.720483303070068,1.934499740600586,0.30623558163642883,0.30623558163642883,0.06703845411539078,0.0,6703835.0,0.561058521270752,0.37793081998825073,0.37793081998825073,0.0,0.0,0.0
1.375,7.7011213302612305,1.9202549457550049,0.3049789071083069,0.3049789071083069,0.06652054935693741,0.0,6652054.0,0.5597154498100281,0.29265350103378296,0.29265350103378296,0.0,0.0,0.0
1.4000000953674316,7.707472801208496,1.9262890815734863,0.32240691781044006,0.32240691781044006,0.06565400213003159,0.0,6565400.5,0.5568364262580872,0.3151743710041046,0.3151743710041046,0.0,0.0,0.0
1.4250000715255737,7.702040195465088,1.9189304113388062,0.3033885359764099,0.3033885359764099,0.0649060383439064,0.0,6490599.5,0.5547745227813721,0.28176864981651306,0.28176864981651306,0.0,0.0,0.0
1.4500000476837158,7.699199676513672,1.9211024045944214,0.3008654713630676,0.3008654713630676,0.06456637382507324,0.0,6456643.0,0.5519298315048218,0.3852122724056244,0.3852122724056244,0.0,0.0,0.0
1.4750001430511475,7.686768531799316,1.9111264944076538,0.31166911125183105,0.31166911125183105,0.06407283991575241,0.0,6407273.5,0.5497356653213501,0.3170336186885834,0.3170336186885834,0.0,0.0,0.0
1.5,7.666563034057617,1.897499918937683,0.33849045634269714,0.33849045634269714,0.06415650248527527,0.0,6415651.5,0.547620952129364,0.32756492495536804,0.32756492495536804,0.0,0.0,0.0
1.5250000953674316,7.650235176086426,1.8845980167388916,0.5268471240997314,0.5268471240997314,0.06380359083414078,0.0,6380364.5,0.5457820296287537,0.33048683404922485,0.33048683404922485,0.0,0.0,0.0
1.5499999523162842,7.642392635345459,1.8819549083709717,0.38238832354545593,0.38238832354545593,0.06266331672668457,0.0,6266333.5,0.5428971648216248,4.826622009277344,4.826622009277344,0.0,0.0,0.0
1.5750000476837158,7.655820369720459,1.8977689743041992,0.555743932723999,0.555743932723999,0.062281087040901184,0.0,6228109.0,0.5385536551475525,0.26813921332359314,0.26813921332359314,0.0,0.0,0.0
1.5999999046325684,7.651212215423584,1.8961679935455322,0.3635963797569275,0.3635963797569275,0.06160985305905342,0.0,6160986.0,0.5363717675209045,0.2639627456665039,0.2639627456665039,0.0,0.0,0.0
1.625,7.653986930847168,1.8990737199783325,0.3920806050300598,0.3920806050300598,0.06126117706298828,0.0,6126123.5,0.5336447358131409,0.30111169815063477,0.30111169815063477,0.0,0.0,0.0
1.6499998569488525,7.641668319702148,1.8892689943313599,0.49038612842559814,0.49038612842559814,0.061038024723529816,0.0,6103806.5,0.5305923819541931,0.4227447509765625,0.4227447509765625,0.0,0.0,0.0
1.6749999523162842,7.611081123352051,1.8666424751281738,0.43291938304901123,0.43291938304901123,0.06064332649111748,0.0,6064328.0,0.5292224884033203,0.26190119981765747,0.26190119981765747,0.0,0.0,0.0
1.6999998092651367,7.613301753997803,1.8727002143859863,0.4765583574771881,0.4765583574771881,0.05984129756689072,0.0,5984125.0,0.5272807478904724,0.27183014154434204,0.27183014154434204,0.0,0.0,0.0
1.7249999046325684,7.607995986938477,1.872901201248169,0.5407019853591919,0.5407019853591919,0.05961299687623978,0.0,5961303.5,0.5249902606010437,0.541007936000824,0.541007936000824,0.0,0.0,0.0
1.749999761581421,7.6037116050720215,1.8741121292114258,1.3258501291275024,1.3258501291275024,0.05952410027384758,0.0,5952411.5,0.5221088528633118,0.6098001599311829,0.6098001599311829,0.0,0.0,0.0
1.7749998569488525,7.597964763641357,1.8707685470581055,0.5471906661987305,0.5471906661987305,0.059524036943912506,0.0,5952398.5,0.5194452404975891,0.3343440890312195,0.3343440890312195,0.0,0.0,0.0
1.799999713897705,7.583545684814453,1.8625311851501465,0.49222439527511597,0.49222439527511597,0.058900561183691025,0.0,5890059.0,0.5176603198051453,0.24866431951522827,0.24866431951522827,0.0,0.0,0.0
1.8249998092651367,7.581958770751953,1.862964153289795,0.4386385679244995,0.4386385679244995,0.058234803378582,0.0,5823488.0,0.5161744952201843,0.2927979528903961,0.2927979528903961,0.0,0.0,0.0
1.8499996662139893,7.58402681350708,1.8691028356552124,0.47571802139282227,0.47571802139282227,0.05771258473396301,0.0,5771261.5,0.5146952271461487,0.24108397960662842,0.24108397960662842,0.0,0.0,0.0
1.874999761581421,7.558611869812012,1.8496549129486084,0.45966988801956177,0.45966988801956177,0.05721862614154816,0.0,5721875.0,0.5135644674301147,0.49132826924324036,0.49132826924324036,0.0,0.0,0.0
1.8999996185302734,7.5504889488220215,1.8467798233032227,0.4871104061603546,0.4871104061603546,0.05736334249377251,0.0,5736332.0,0.5107681751251221,0.23605504631996155,0.23605504631996155,0.0,0.0,0.0
1.924999713897705,7.537400722503662,1.8379780054092407,0.6275402307510376,0.6275402307510376,0.05706389620900154,0.0,5706395.0,0.5084882378578186,0.2747375965118408,0.2747375965118408,0.0,0.0,0.0
1.9499995708465576,7.549840927124023,1.8509594202041626,1.775274395942688,1.775274395942688,0.05644645914435387,0.0,5644643.5,0.5065087676048279,1.358361005783081,1.358361005783081,0.0,0.0,0.0
1.9749996662139893,7.537143230438232,1.8439587354660034,0.4513590335845947,0.4513590335845947,0.05618540197610855,0.0,5618539.5,0.5039608478546143,0.2760311961174011,0.2760311961174011,0.0,0.0,0.0
1.9999995231628418,7.523684978485107,1.836684226989746,0.534632682800293,0.534632682800293,0.05539490655064583,0.0,5539494.5,0.5022884011268616,0.2742064595222473,0.2742064595222473,0.0,0.0,0.0
2.0250000953674316,7.4366631507873535,1.7613738775253296,0.6300762891769409,0.6300762891769409,0.04141845926642418,0.0,4141848.5,0.5123646855354309,0.3268470764160156,0.3268470764160156,0.0,0.0,0.0
2.049999952316284,7.422699451446533,1.7546230554580688,0.4224194884300232,0.4224194884300232,0.041107337921857834,0.0,4110733.0,0.5115419626235962,0.32597029209136963,0.32597029209136963,0.0,0.0,0.0
2.075000047683716,7.415335178375244,1.752828598022461,0.45054516196250916,0.45054516196250916,0.04138904809951782,0.0,4138895.75,0.5107272267341614,0.2761942148208618,0.2761942148208618,0.0,0.0,0.0
2.0999999046325684,7.413753986358643,1.7593170404434204,0.9082865118980408,0.9082865118980408,0.041254471987485886,0.0,4125451.5,0.5087464451789856,0.24264368414878845,0.24264368414878845,0.0,0.0,0.0
2.125,7.3969292640686035,1.7480783462524414,0.540107786655426,0.540107786655426,0.04096110165119171,0.0,4096112.75,0.5078936219215393,0.34984317421913147,0.34984317421913147,0.0,0.0,0.0
2.1500000953674316,7.393555164337158,1.7493386268615723,0.6602597236633301,0.6602597236633301,0.0406198613345623,0.0,4061985.0,0.5058597326278687,0.32063788175582886,0.32063788175582886,0.0,0.0,0.0
2.174999952316284,7.390754222869873,1.7528799772262573,0.5769615769386292,0.5769615769386292,0.04069807752966881,0.0,4069803.0,0.5034293532371521,0.33303001523017883,0.33303001523017883,0.0,0.0,0.0
2.200000047683716,7.388256549835205,1.7574619054794312,0.4677124619483948,0.4677124619483948,0.040071167051792145,0.0,4007113.75,0.5020100474357605,0.5533397197723389,0.5533397197723389,0.0,0.0,0.0
2.2249999046325684,7.38814640045166,1.75935697555542,0.5529778003692627,0.5529778003692627,0.040020983666181564,0.0,4002095.0,0.5002115964889526,0.4134966731071472,0.4134966731071472,0.0,0.0,0.0
2.25,7.390731334686279,1.763425588607788,0.5971323847770691,0.5971323847770691,0.04029415547847748,0.0,4029421.0,0.49862754344940186,0.3339039087295532,0.3339039087295532,0.0,0.0,0.0
2.2750000953674316,7.394571304321289,1.7744137048721313,0.5329130291938782,0.5329130291938782,0.04003451392054558,0.0,4003447.5,0.49671265482902527,0.6314800381660461,0.6314800381660461,0.0,0.0,0.0
2.299999952316284,7.3931989669799805,1.7785176038742065,0.5247315764427185,0.5247315764427185,0.0400749109685421,0.0,4007490.75,0.495418906211853,0.5634726285934448,0.5634726285934448,0.0,0.0,0.0
2.325000047683716,7.385159969329834,1.7764390707015991,0.560541570186615,0.560541570186615,0.04056559130549431,0.0,4056558.5,0.4940286874771118,0.31973323225975037,0.31973323225975037,0.0,0.0,0.0
2.3500001430511475,7.391816139221191,1.7864524126052856,0.86817866563797,0.86817866563797,0.04019385948777199,0.0,4019381.5,0.4920223355293274,0.3052939772605896,0.3052939772605896,0.0,0.0,0.0
2.375,7.394620418548584,1.7944443225860596,1.7586448192596436,1.7586448192596436,0.040253736078739166,0.0,4025368.5,0.4912016689777374,0.5521364808082581,0.5521364808082581,0.0,0.0,0.0
2.4000000953674316,7.378286838531494,1.784853219985962,0.9933531284332275,0.9933531284332275,0.03977064788341522,0.0,3977066.75,0.4911036491394043,0.3473951518535614,0.3473951518535614,0.0,0.0,0.0
2.4250001907348633,7.385506629943848,1.7958835363388062,0.8239722847938538,0.8239722847938538,0.039795536547899246,0.0,3979557.0,0.488197386264801,0.43996870517730713,0.43996870517730713,0.0,0.0,0.0
2.450000047683716,7.3734540939331055,1.7890580892562866,0.8135057687759399,0.8135057687759399,0.03976896405220032,0.0,3976898.5,0.4880284368991852,0.39969560503959656,0.39969560503959656,0.0,0.0,0.0
2.4750001430511475,7.353218078613281,1.774067997932434,0.6665844917297363,0.6665844917297363,0.03996256738901138,0.0,3996254.0,0.4871002733707428,0.2868863344192505,0.2868863344192505,0.0,0.0,0.0
2.5,7.345180511474609,1.7730296850204468,0.5601333379745483,0.5601333379745483,0.03997319936752319,0.0,3997319.0,0.4867163300514221,0.33972036838531494,0.33972036838531494,0.0,0.0,0.0
2.5250000953674316,7.342808246612549,1.7765376567840576,0.7070150375366211,0.7070150375366211,0.04017286002635956,0.0,4017283.25,0.48634111881256104,0.4656817615032196,0.4656817615032196,0.0,0.0,0.0
2.549999952316284,7.321879863739014,1.7660303115844727,0.6038857102394104,0.6038857102394104,0.03947707638144493,0.0,3947705.5,0.486177533864975,0.5129996538162231,0.5129996538162231,0.0,0.0,0.0
2.575000047683716,7.319943904876709,1.7775590419769287,1.8834575414657593,1.8834575414657593,0.03909531608223915,0.0,3909529.0,0.48595911264419556,0.41089996695518494,0.41089996695518494,0.0,0.0,0.0
2.5999999046325684,7.316734313964844,1.7772740125656128,0.5428698658943176,0.5428698658943176,0.0387539379298687,0.0,3875393.5,0.4848681688308716,0.4553751051425934,0.4553751051425934,0.0,0.0,0.0
2.625,7.3158087730407715,1.7851041555404663,0.9468944072723389,0.9468944072723389,0.03845225274562836,0.0,3845226.5,0.48325592279434204,0.672211766242981,0.672211766242981,0.0,0.0,0.0
2.6499998569488525,7.301399230957031,1.7796217203140259,0.5693396925926208,0.5693396925926208,0.03857002779841423,0.0,3857005.75,0.4818565547466278,0.3541739881038666,0.3541739881038666,0.0,0.0,0.0
2.674999952316284,7.3067307472229,1.7908387184143066,0.9450907707214355,0.9450907707214355,0.03843506798148155,0.0,3843506.5,0.480221688747406,0.3996789753437042,0.3996789753437042,0.0,0.0,0.0
2.6999998092651367,7.311735153198242,1.8015652894973755,4.101837635040283,4.101837635040283,0.03844328969717026,0.0,3844330.5,0.4796355962753296,0.4994088113307953,0.4994088113307953,0.0,0.0,0.0
2.7249999046325684,7.3068718910217285,1.8056381940841675,0.6789163947105408,0.6789163947105408,0.03812948986887932,0.0,3812948.25,0.47887149453163147,0.6093530058860779,0.6093530058860779,0.0,0.0,0.0
2.749999761581421,7.290329933166504,1.7961229085922241,6.041059494018555,6.041059494018555,0.038412295281887054,0.0,3841234.0,0.479373037815094,0.4780881702899933,0.4780881702899933,0.0,0.0,0.0
2.7749998569488525,7.280110836029053,1.7940630912780762,0.677123486995697,0.677123486995697,0.03817974030971527,0.0,3817977.75,0.47833043336868286,0.7963436841964722,0.7963436841964722,0.0,0.0,0.0
2.799999713897705,7.266660690307617,1.7895386219024658,0.6969508528709412,0.6969508528709412,0.03852492943406105,0.0,3852491.75,0.47703325748443604,0.4366125464439392,0.4366125464439392,0.0,0.0,0.0
2.8249998092651367,7.251601219177246,1.783227562904358,0.8087064623832703,0.8087064623832703,0.03858070448040962,0.0,3858069.5,0.4761507213115692,0.5699033141136169,0.5699033141136169,0.0,0.0,0.0
2.8499996662139893,7.235545635223389,1.7787343263626099,0.8463547229766846,0.8463547229766846,0.03847525268793106,0.0,3847529.0,0.475955992937088,0.3843701481819153,0.3843701481819153,0.0,0.0,0.0
2.874999761581421,7.241672515869141,1.7913155555725098,2.697646379470825,2.697646379470825,0.03923868015408516,0.0,3923861.0,0.4759850800037384,0.5493708848953247,0.5493708848953247,0.0,0.0,0.0
2.8999996185302734,7.224707126617432,1.7829283475875854,0.611845850944519,0.611845850944519,0.039717257022857666,0.0,3971725.5,0.475859135389328,0.4744846224784851,0.4744846224784851,0.0,0.0,0.0
2.924999713897705,7.213861465454102,1.7802056074142456,1.015054702758789,1.015054702758789,0.03975853696465492,0.0,3975857.0,0.4743964374065399,1.0228108167648315,1.0228108167648315,0.0,0.0,0.0
2.9499995708465576,7.201217174530029,1.7734414339065552,0.6806123852729797,0.6806123852729797,0.03973016142845154,0.0,3973020.5,0.4747990667819977,0.5578434467315674,0.5578434467315674,0.0,0.0,0.0
2.9749996662139893,7.183170795440674,1.7651962041854858,0.5828097462654114,0.5828097462654114,0.03945624828338623,0.0,3945620.75,0.4740210771560669,0.38047128915786743,0.38047128915786743,0.0,0.0,0.0
2.999999523162842,7.171881675720215,1.7634155750274658,0.6609575748443604,0.6609575748443604,0.039603717625141144,0.0,3960373.75,0.47499987483024597,2.0774521827697754,2.0774521827697754,0.0,0.0,0.0
3.0250000953674316,7.05958366394043,1.6700762510299683,0.8054773807525635,0.8054773807525635,0.028567058965563774,0.0,2856707.25,0.5011658072471619,0.6202111840248108,0.6202111840248108,0.0,0.0,0.0
3.049999952316284,7.0565924644470215,1.6844120025634766,0.5763799548149109,0.5763799548149109,0.02886614203453064,0.0,2886613.5,0.5021167397499084,0.5251950621604919,0.5251950621604919,0.0,0.0,0.0
3.075000047683716,7.036084175109863,1.6878023147583008,0.7789690494537354,0.7789690494537354,0.028918245807290077,0.0,2891825.25,0.503338098526001,0.6036971211433411,0.6036971211433411,0.0,0.0,0.0
3.0999999046325684,7.013523578643799,1.6872128248214722,0.9866503477096558,0.9866503477096558,0.028829868882894516,0.0,2882983.5,0.5050712823867798,0.5794808864593506,0.5794808864593506,0.0,0.0,0.0
3.125,6.9949445724487305,1.6888550519943237,0.5968952775001526,0.5968952775001526,0.02901541255414486,0.0,2901542.5,0.506325364112854,2.574932336807251,2.574932336807251,0.0,0.0,0.0
3.1500000953674316,6.987127304077148,1.7029591798782349,0.9111367464065552,0.9111367464065552,0.029227331280708313,0.0,2922728.0,0.5080532431602478,3.151277780532837,3.151277780532837,0.0,0.0,0.0
3.174999952316284,6.970129489898682,1.7077969312667847,0.7974093556404114,0.7974093556404114,0.02919851988554001,0.0,2919850.5,0.509971559047699,0.5000401735305786,0.5000401735305786,0.0,0.0,0.0
3.200000047683716,6.965638637542725,1.7204915285110474,1.2993762493133545,1.2993762493133545,0.02947903238236904,0.0,2947901.75,0.5108616948127747,0.7066925764083862,0.7066925764083862,0.0,0.0,0.0
3.2249999046325684,6.956127643585205,1.7290374040603638,0.9135226011276245,0.9135226011276245,0.029675578698515892,0.0,2967555.25,0.513683557510376,0.45699286460876465,0.45699286460876465,0.0,0.0,0.0
3.25,6.952793598175049,1.737227201461792,0.573854386806488,0.573854386806488,0.030002422630786896,0.0,3000244.5,0.5164908170700073,0.592621386051178,0.592621386051178,0.0,0.0,0.0
3.2750000953674316,6.9384446144104,1.7396347522735596,1.1969050168991089,1.1969050168991089,0.030241960659623146,0.0,3024202.5,0.5171252489089966,0.6485415697097778,0.6485415697097778,0.0,0.0,0.0
3.299999952316284,6.928997993469238,1.7501426935195923,1.1839933395385742,1.1839933395385742,0.030536862090229988,0.0,3053678.75,0.5202761888504028,0.7838560342788696,0.7838560342788696,0.0,0.0,0.0
3.325000047683716,6.91012716293335,1.7480628490447998,0.7866252660751343,0.7866252660751343,0.030821029096841812,0.0,3082105.5,0.5216403007507324,1.1284173727035522,1.1284173727035522,0.0,0.0,0.0
3.3500001430511475,6.910922527313232,1.763235330581665,0.6963618397712708,0.6963618397712708,0.031113604083657265,0.0,3111362.0,0.5239719748497009,0.5241757035255432,0.5241757035255432,0.0,0.0,0.0
3.375,6.9085493087768555,1.7772324085235596,0.6669245362281799,0.6669245362281799,0.031376589089632034,0.0,3137659.75,0.5266778469085693,0.5598746538162231,0.5598746538162231,0.0,0.0,0.0
3.4000000953674316,6.8977580070495605,1.7853977680206299,0.6671996116638184,0.6671996116638184,0.031801316887140274,0.0,3180128.0,0.5287669897079468,0.7710158228874207,0.7710158228874207,0.0,0.0,0.0
3.4250001907348633,6.871540069580078,1.7768750190734863,0.6982763409614563,0.6982763409614563,0.031965311616659164,0.0,3196528.5,0.5323501825332642,0.7733761668205261,0.7733761668205261,0.0,0.0,0.0
3.450000047683716,6.873987197875977,1.7922195196151733,0.671604335308075,0.671604335308075,0.03153391182422638,0.0,3153390.25,0.5342680811882019,1.4996185302734375,1.4996185302734375,0.0,0.0,0.0
3.4750001430511475,6.848490238189697,1.7824461460113525,1.0918033123016357,1.0918033123016357,0.031712036579847336,0.0,3171204.75,0.5366213917732239,0.704840898513794,0.704840898513794,0.0,0.0,0.0
3.5,6.834518909454346,1.7801424264907837,0.6467909812927246,0.6467909812927246,0.031839028000831604,0.0,3183898.0,0.5404629111289978,0.527378261089325,0.527378261089325,0.0,0.0,0.0
3.5250000953674316,6.813896656036377,1.7790101766586304,0.8569666147232056,0.8569666147232056,0.032229360193014145,0.0,3222938.25,0.5429573655128479,0.4901508092880249,0.4901508092880249,0.0,0.0,0.0
3.549999952316284,6.817101001739502,1.7960832118988037,0.7368826866149902,0.7368826866149902,0.032589346170425415,0.0,3258932.5,0.5464575290679932,0.6184510588645935,0.6184510588645935,0.0,0.0,0.0
3.575000047683716,6.8014326095581055,1.791770339012146,0.5701951384544373,0.5701951384544373,0.03265189751982689,0.0,3265190.0,0.5499318242073059,0.5985358953475952,0.5985358953475952,0.0,0.0,0.0
3.5999999046325684,6.790712833404541,1.7980351448059082,0.7716434001922607,0.7716434001922607,0.03266722708940506,0.0,3266717.5,0.5532862544059753,0.7379897832870483,0.7379897832870483,0.0,0.0,0.0
3.625,6.778088569641113,1.8000270128250122,0.6176106333732605,0.6176106333732605,0.03272819519042969,0.0,3272823.25,0.5560125112533569,0.9785095453262329,0.9785095453262329,0.0,0.0,0.0
3.6499998569488525,6.760251998901367,1.7940120697021484,0.663887083530426,0.663887083530426,0.03287564590573311,0.0,3287560.0,0.5592333078384399,0.9020730257034302,0.9020730257034302,0.0,0.0,0.0
3.674999952316284,6.73737096786499,1.7902640104293823,0.8566887378692627,0.8566887378692627,0.03272804990410805,0.0,3272802.25,0.5631905198097229,0.49522945284843445,0.49522945284843445,0.0,0.0,0.0
3.6999998092651367,6.711134433746338,1.777793288230896,0.6766515970230103,0.6766515970230103,0.03272736072540283,0.0,3272735.5,0.5675121545791626,0.6186555624008179,0.6186555624008179,0.0,0.0,0.0
3.7249999046325684,6.70896053314209,1.7892332077026367,0.5248314738273621,0.5248314738273621,0.03300383687019348,0.0,3300379.5,0.5697516202926636,0.5820865631103516,0.5820865631103516,0.0,0.0,0.0
3.749999761581421,6.716147422790527,1.805696725845337,0.5863623023033142,0.5863623023033142,0.03318638354539871,0.0,3318637.75,0.5729950070381165,0.6885716915130615,0.6885716915130615,0.0,0.0,0.0
3.7749998569488525,6.6949076652526855,1.8000856637954712,1.0536267757415771,1.0536267757415771,0.033285897225141525,0.0,3328587.25,0.5767108798027039,5.213779926300049,5.213779926300049,0.0,0.0,0.0
3.799999713897705,6.676135540008545,1.7954665422439575,0.7173176407814026,0.7173176407814026,0.033302560448646545,0.0,3330256.5,0.5790601968765259,0.6534826755523682,0.6534826755523682,0.0,0.0,0.0
3.8249998092651367,6.6464924812316895,1.7828636169433594,0.6505910158157349,0.6505910158157349,0.03379232436418533,0.0,3379230.5,0.5815436840057373,0.5952489972114563,0.5952489972114563,0.0,0.0,0.0
3.8499996662139893,6.64726448059082,1.7958732843399048,0.8191449642181396,0.8191449642181396,0.033997662365436554,0.0,3399768.0,0.5851531624794006,0.8080406785011292,0.8080406785011292,0.0,0.0,0.0
3.874999761581421,6.629238605499268,1.7899326086044312,0.7600363492965698,0.7600363492965698,0.03407255932688713,0.0,3407260.0,0.5910817384719849,0.7193633913993835,0.7193633913993835,0.0,0.0,0.0
3.8999996185302734,6.603390216827393,1.7789263725280762,0.710562527179718,0.710562527179718,0.034202657639980316,0.0,3420265.75,0.595766007900238,0.6625814437866211,0.6625814437866211,0.0,0.0,0.0
3.924999713897705,6.602532386779785,1.7890045642852783,0.7041081190109253,0.7041081190109253,0.03437668830156326,0.0,3437669.5,0.5998775959014893,2.097266435623169,2.097266435623169,0.0,0.0,0.0
3.9499995708465576,6.593815326690674,1.7909315824508667,0.6823662519454956,0.6823662519454956,0.034539952874183655,0.0,3453994.25,0.6039929986000061,11.428996086120605,11.428996086120605,0.0,0.0,0.0
3.9749996662139893,6.578068733215332,1.788771152496338,0.7098754048347473,0.7098754048347473,0.03476504236459732,0.0,3476505.5,0.6092832088470459,0.7657440304756165,0.7657440304756165,0.0,0.0,0.0
3.999999523162842,6.568525314331055,1.7849318981170654,0.6221293807029724,0.6221293807029724,0.034966841340065,0.0,3496685.0,0.6140299439430237,0.5644381046295166,0.5644381046295166,0.0,0.0,0.0
4.025000095367432,6.452667713165283,1.6827428340911865,0.6649367809295654,0.6649367809295654,0.029630055651068687,0.0,2963010.0,0.6265290379524231,0.6087225079536438,0.6087225079536438,0.0,0.0,0.0
4.050000190734863,6.437351703643799,1.6777082681655884,0.8620849251747131,0.8620849251747131,0.029646608978509903,0.0,2964662.75,0.6225358843803406,0.6607818603515625,0.6607818603515625,0.0,0.0,0.0
4.074999809265137,6.417991638183594,1.6707462072372437,0.6885973215103149,0.6885973215103149,0.029618851840496063,0.0,2961883.5,0.6192672848701477,0.618913471698761,0.618913471698761,0.0,0.0,0.0
4.099999904632568,6.412960052490234,1.6747535467147827,2.1660451889038086,2.1660451889038086,0.029869848862290382,0.0,2986987.0,0.6167585849761963,0.6164899468421936,0.6164899468421936,0.0,0.0,0.0
4.125,6.407141208648682,1.6784323453903198,0.6252903938293457,0.6252903938293457,0.0297512486577034,0.0,2975123.75,0.6129019260406494,0.6327406764030457,0.6327406764030457,0.0,0.0,0.0
4.150000095367432,6.395659446716309,1.677978277206421,0.9261407256126404,0.9261407256126404,0.029619166627526283,0.0,2961916.25,0.6080023050308228,0.6315687894821167,0.6315687894821167,0.0,0.0,0.0
4.175000190734863,6.389051914215088,1.6795343160629272,1.0888656377792358,1.0888656377792358,0.02977423369884491,0.0,2977425.25,0.6052872538566589,0.8410015106201172,0.8410015106201172,0.0,0.0,0.0
4.199999809265137,6.386300563812256,1.6850790977478027,0.4568859934806824,0.4568859934806824,0.029880618676543236,0.0,2988062.75,0.6016650795936584,0.8038806915283203,0.8038806915283203,0.0,0.0,0.0
4.224999904632568,6.377747535705566,1.6860078573226929,0.5679479837417603,0.5679479837417603,0.030149705708026886,0.0,3014970.25,0.597423791885376,0.8258877992630005,0.8258877992630005,0.0,0.0,0.0
4.25,6.370428085327148,1.6892403364181519,0.45016470551490784,0.45016470551490784,0.030077191069722176,0.0,3007720.75,0.5945194363594055,1.118306279182434,1.118306279182434,0.0,0.0,0.0
4.275000095367432,6.359057903289795,1.6857194900512695,0.4424298107624054,0.4424298107624054,0.03003384731709957,0.0,3003392.25,0.5924652814865112,0.5981155633926392,0.5981155633926392,0.0,0.0,0.0
4.300000190734863,6.347659111022949,1.6830693483352661,0.44056469202041626,0.44056469202041626,0.030174707993865013,0.0,3017473.0,0.5897272229194641,0.701549768447876,0.701549768447876,0.0,0.0,0.0
4.324999809265137,6.340359687805176,1.6852937936782837,0.37802714109420776,0.37802714109420776,0.030221376568078995,0.0,3022138.0,0.5855528116226196,0.6143389940261841,0.6143389940261841,0.0,0.0,0.0
4.349999904632568,6.324530124664307,1.6841801404953003,1.061689019203186,1.061689019203186,0.03047504462301731,0.0,3047511.0,0.5820471048355103,0.5761047601699829,0.5761047601699829,0.0,0.0,0.0
4.375,6.319092750549316,1.686506986618042,0.4009030759334564,0.4009030759334564,0.030254391953349113,0.0,3025440.25,0.5775356888771057,0.8020105957984924,0.8020105957984924,0.0,0.0,0.0
4.400000095367432,6.304965019226074,1.6805113554000854,0.5789374709129333,0.5789374709129333,0.029949596151709557,0.0,2994957.25,0.5735034346580505,0.5278842449188232,0.5278842449188232,0.0,0.0,0.0
4.425000190734863,6.305448055267334,1.6866897344589233,0.39746126532554626,0.39746126532554626,0.030027437955141068,0.0,3002745.5,0.5702112317085266,0.6328514218330383,0.6328514218330383,0.0,0.0,0.0
4.450000286102295,6.295937538146973,1.6883033514022827,0.4887367784976959,0.4887367784976959,0.030246896669268608,0.0,3024692.75,0.5663209557533264,0.7138059139251709,0.7138059139251709,0.0,0.0,0.0
4.474999904632568,6.268906593322754,1.6704360246658325,0.48363345861434937,0.48363345861434937,0.029989641159772873,0.0,2998963.0,0.5622467398643494,0.5997153520584106,0.5997153520584106,0.0,0.0,0.0
4.5,6.258366584777832,1.667550802230835,0.3784046769142151,0.3784046769142151,0.030030550435185432,0.0,3003053.75,0.5590008497238159,1.2908498048782349,1.2908498048782349,0.0,0.0,0.0
4.525000095367432,6.239639759063721,1.661611795425415,0.38211551308631897,0.38211551308631897,0.030057204887270927,0.0,3005722.5,0.5568915605545044,0.606739342212677,0.606739342212677,0.0,0.0,0.0
4.550000190734863,6.230395317077637,1.6601039171218872,0.43526074290275574,0.43526074290275574,0.02994181029498577,0.0,2994176.75,0.554324209690094,1.1871663331985474,1.1871663331985474,0.0,0.0,0.0
4.574999809265137,6.21152400970459,1.6536593437194824,0.4584967792034149,0.4584967792034149,0.029928183183073997,0.0,2992819.5,0.5511437654495239,0.6836096048355103,0.6836096048355103,0.0,0.0,0.0
4.599999904632568,6.205080509185791,1.6563045978546143,0.40544936060905457,0.40544936060905457,0.02995607815682888,0.0,2995605.0,0.548052191734314,0.6227669715881348,0.6227669715881348,0.0,0.0,0.0
4.625,6.190612316131592,1.655552625656128,0.46547985076904297,0.46547985076904297,0.029828928411006927,0.0,2982898.75,0.5439032316207886,0.515683650970459,0.515683650970459,0.0,0.0,0.0
4.650000095367432,6.184823513031006,1.655720591545105,0.3802153766155243,0.3802153766155243,0.02977616712450981,0.0,2977616.75,0.5395047068595886,0.4514473080635071,0.4514473080635071,0.0,0.0,0.0
4.674999713897705,6.193224906921387,1.6721140146255493,0.41515475511550903,0.41515475511550903,0.029768995940685272,0.0,2976897.5,0.5342544913291931,1.359126091003418,1.359126091003418,0.0,0.0,0.0
4.699999809265137,6.184103488922119,1.6728554964065552,0.4598863422870636,0.4598863422870636,0.029584083706140518,0.0,2958408.25,0.5304243564605713,0.6587527990341187,0.6587527990341187,0.0,0.0,0.0
4.724999904632568,6.180145740509033,1.6780502796173096,0.3954668939113617,0.3954668939113617,0.029715735465288162,0.0,2971574.75,0.5260951519012451,0.4710036516189575,0.4710036516189575,0.0,0.0,0.0
4.75,6.15488338470459,1.6647028923034668,0.4225461483001709,0.4225461483001709,0.02958044409751892,0.0,2958048.0,0.5228232741355896,0.8726958632469177,0.8726958632469177,0.0,0.0,0.0
4.774999618530273,6.157406330108643,1.675849437713623,0.40845540165901184,0.40845540165901184,0.029615748673677444,0.0,2961573.0,0.5187225937843323,0.6735972762107849,0.6735972762107849,0.0,0.0,0.0
4.799999713897705,6.147089004516602,1.6763674020767212,0.3426879048347473,0.3426879048347473,0.02988511323928833,0.0,2988512.75,0.5163744688034058,0.6661120653152466,0.6661120653152466,0.0,0.0,0.0
4.824999809265137,6.142146110534668,1.680094599723816,0.3236600160598755,0.3236600160598755,0.029935378581285477,0.0,2993534.5,0.5123125314712524,0.4934800863265991,0.4934800863265991,0.0,0.0,0.0
4.849999904632568,6.135380744934082,1.681074857711792,0.3548409938812256,0.3548409938812256,0.030124705284833908,0.0,3012465.75,0.5084018111228943,1.5199575424194336,1.5199575424194336,0.0,0.0,0.0
4.874999523162842,6.139746189117432,1.688907265663147,0.3058803379535675,0.3058803379535675,0.030166013166308403,0.0,3016604.5,0.5039277672767639,0.8107147812843323,0.8107147812843323,0.0,0.0,0.0
4.899999618530273,6.1328582763671875,1.6917322874069214,0.3230290710926056,0.3230290710926056,0.029914237558841705,0.0,2991425.75,0.49986544251441956,3.614396572113037,3.614396572113037,0.0,0.0,0.0
4.924999713897705,6.124453544616699,1.6956701278686523,0.34441712498664856,0.34441712498664856,0.030134694650769234,0.0,3013470.0,0.4955885410308838,0.6030938029289246,0.6030938029289246,0.0,0.0,0.0
4.949999809265137,6.110905647277832,1.6927990913391113,0.3210304379463196,0.3210304379463196,0.030080480501055717,0.0,3008051.25,0.49152618646621704,0.9737709760665894,0.9737709760665894,0.0,0.0,0.0
4.97499942779541,6.10402250289917,1.6934226751327515,0.32584360241889954,0.32584360241889954,0.03019912913441658,0.0,3019918.0,0.48823562264442444,0.6954828500747681,0.6954828500747681,0.0,0.0,0.0
4.999999523162842,6.095006942749023,1.6948708295822144,0.44005024433135986,0.44005024433135986,0.029980558902025223,0.0,2998057.0,0.4843364953994751,0.42608246207237244,0.42608246207237244,0.0,0.0,0.0
5.025000095367432,6.001885414123535,1.6355476379394531,0.4763154983520508,0.4763154983520508,0.022458739578723907,0.0,2245877.5,0.5143235921859741,0.4555753767490387,0.4555753767490387,0.0,0.0,0.0
5.050000190734863,5.988283634185791,1.6335252523422241,0.439409464597702,0.439409464597702,0.022295821458101273,0.0,2229580.25,0.509606122970581,0.5277484655380249,0.5277484655380249,0.0,0.0,0.0
5.074999809265137,5.9751200675964355,1.6311219930648804,2.1280291080474854,2.1280291080474854,0.02216862328350544,0.0,2216862.5,0.5025472640991211,0.4398004710674286,0.4398004710674286,0.0,0.0,0.0
5.099999904632568,5.959425449371338,1.6262595653533936,0.3729779124259949,0.3729779124259949,0.02200818806886673,0.0,2200818.75,0.49845173954963684,0.6256303787231445,0.6256303787231445,0.0,0.0,0.0
5.125,5.957530975341797,1.6363836526870728,0.4670059084892273,0.4670059084892273,0.02197548747062683,0.0,2197545.75,0.4928278923034668,0.5018231868743896,0.5018231868743896,0.0,0.0,0.0
5.150000095367432,5.960285663604736,1.647973656654358,0.3118506968021393,0.3118506968021393,0.021989496424794197,0.0,2198950.5,0.4893917739391327,0.9095232486724854,0.9095232486724854,0.0,0.0,0.0
5.175000190734863,5.9441375732421875,1.6485512256622314,0.49568167328834534,0.49568167328834534,0.021942749619483948,0.0,2194276.5,0.4830394685268402,0.4325691759586334,0.4325691759586334,0.0,0.0,0.0
5.199999809265137,5.928922653198242,1.645593523979187,9.030001640319824,9.030001640319824,0.02198221907019615,0.0,2198221.0,0.47829610109329224,0.6542876362800598,0.6542876362800598,0.0,0.0,0.0
5.224999904632568,5.92195463180542,1.648887276649475,0.3150618076324463,0.3150618076324463,0.021941499784588814,0.0,2194149.5,0.47236746549606323,0.44828104972839355,0.44828104972839355,0.0,0.0,0.0
5.25,5.907435417175293,1.647707223892212,0.3329540491104126,0.3329540491104126,0.022064557299017906,0.0,2206452.5,0.4692884385585785,0.431488960981369,0.431488960981369,0.0,0.0,0.0
5.275000095367432,5.907761096954346,1.6596981287002563,0.3057243824005127,0.3057243824005127,0.02204732969403267,0.0,2204732.0,0.4634895324707031,0.4114900827407837,0.4114900827407837,0.0,0.0,0.0
5.300000190734863,5.914077281951904,1.6745731830596924,0.426538348197937,0.426538348197937,0.022089490666985512,0.0,2208947.75,0.4556025266647339,0.48399248719215393,0.48399248719215393,0.0,0.0,0.0
5.324999809265137,5.893360137939453,1.6685160398483276,0.3128983676433563,0.3128983676433563,0.022038456052541733,0.0,2203847.0,0.45091187953948975,0.42967480421066284,0.42967480421066284,0.0,0.0,0.0
5.349999904632568,5.880800724029541,1.6656851768493652,0.3100047707557678,0.3100047707557678,0.022212006151676178,0.0,2221200.5,0.4451725482940674,0.4909196197986603,0.4909196197986603,0.0,0.0,0.0
5.375,5.885669231414795,1.6741975545883179,0.5147030353546143,0.5147030353546143,0.022483568638563156,0.0,2248359.0,0.4407040476799011,1.1627401113510132,1.1627401113510132,0.0,0.0,0.0
5.400000095367432,5.897273063659668,1.694218635559082,0.3260614275932312,0.3260614275932312,0.022571220993995667,0.0,2257120.25,0.4364796280860901,0.5072277188301086,0.5072277188301086,0.0,0.0,0.0
5.425000190734863,5.890145778656006,1.6998664140701294,0.2623954713344574,0.2623954713344574,0.022654563188552856,0.0,2265457.25,0.4314934015274048,0.7694022059440613,0.7694022059440613,0.0,0.0,0.0
5.450000286102295,5.89210844039917,1.7087633609771729,0.26032254099845886,0.26032254099845886,0.022694313898682594,0.0,2269435.75,0.4275096356868744,1.4565460681915283,1.4565460681915283,0.0,0.0,0.0
5.474999904632568,5.8813042640686035,1.7066147327423096,0.2787100672721863,0.2787100672721863,0.022843053564429283,0.0,2284308.5,0.4216984808444977,1.1096383333206177,1.1096383333206177,0.0,0.0,0.0
5.5,5.887248516082764,1.7181117534637451,0.7027060389518738,0.7027060389518738,0.02278280071914196,0.0,2278282.75,0.41519638895988464,0.3615838885307312,0.3615838885307312,0.0,0.0,0.0
5.525000095367432,5.889642238616943,1.734092116355896,0.35660603642463684,0.35660603642463684,0.022809837013483047,0.0,2280984.25,0.40891003608703613,0.3895648717880249,0.3895648717880249,0.0,0.0,0.0
5.550000190734863,5.890827178955078,1.742424488067627,0.2695519030094147,0.2695519030094147,0.022913189604878426,0.0,2291313.25,0.40491780638694763,0.6448820233345032,0.6448820233345032,0.0,0.0,0.0
5.574999809265137,5.8867926597595215,1.7485909461975098,0.28021571040153503,0.28021571040153503,0.022874897345900536,0.0,2287492.25,0.3987347483634949,0.35529810190200806,0.35529810190200806,0.0,0.0,0.0
5.599999904632568,5.894168853759766,1.7606467008590698,0.2636328339576721,0.2636328339576721,0.02285603992640972,0.0,2285601.5,0.39312976598739624,0.4969231188297272,0.4969231188297272,0.0,0.0,0.0
5.625,5.883763790130615,1.76307213306427,0.29974639415740967,0.29974639415740967,0.022972727194428444,0.0,2297273.75,0.38818836212158203,0.5766221880912781,0.5766221880912781,0.0,0.0,0.0
5.650000095367432,5.870131492614746,1.7555643320083618,0.32543399930000305,0.32543399930000305,0.023134885355830193,0.0,2313491.5,0.3832579553127289,0.4869610667228699,0.4869610667228699,0.0,0.0,0.0
5.674999713897705,5.8653883934021,1.7578076124191284,0.46813470125198364,0.46813470125198364,0.023089928552508354,0.0,2308994.75,0.3770528733730316,0.4130939841270447,0.4130939841270447,0.0,0.0,0.0
5.699999809265137,5.865767478942871,1.7695573568344116,0.434437096118927,0.434437096118927,0.0232540350407362,0.0,2325402.25,0.3720780909061432,0.4850456118583679,0.4850456118583679,0.0,0.0,0.0
5.724999904632568,5.841017723083496,1.7540873289108276,0.25766125321388245,0.25766125321388245,0.023247312754392624,0.0,2324731.25,0.36650460958480835,5.2147040367126465,5.2147040367126465,0.0,0.0,0.0
5.75,5.8360595703125,1.7625702619552612,0.27809643745422363,0.27809643745422363,0.023214302957057953,0.0,2321432.0,0.36056098341941833,0.38782957196235657,0.38782957196235657,0.0,0.0,0.0
5.774999618530273,5.841639995574951,1.770500898361206,0.2936969995498657,0.2936969995498657,0.023310603573918343,0.0,2331063.0,0.3553287088871002,0.5960054397583008,0.5960054397583008,0.0,0.0,0.0
5.799999713897705,5.840212821960449,1.7765438556671143,0.44242751598358154,0.44242751598358154,0.023143954575061798,0.0,2314396.75,0.35108786821365356,1.010698914527893,1.010698914527893,0.0,0.0,0.0
5.824999809265137,5.832202911376953,1.777441382408142,0.5816199779510498,0.5816199779510498,0.023241788148880005,0.0,2324182.25,0.34623992443084717,0.3691163659095764,0.3691163659095764,0.0,0.0,0.0
5.849999904632568,5.826554298400879,1.783591628074646,0.28092652559280396,0.28092652559280396,0.023251399397850037,0.0,2325137.0,0.34264546632766724,0.5125760436058044,0.5125760436058044,0.0,0.0,0.0
5.874999523162842,5.81954288482666,1.7892000675201416,0.3715043365955353,0.3715043365955353,0.023067137226462364,0.0,2306709.75,0.33821922540664673,0.4275462329387665,0.4275462329387665,0.0,0.0,0.0
5.899999618530273,5.801507472991943,1.780118465423584,0.3947954773902893,0.3947954773902893,0.02311929687857628,0.0,2311929.75,0.33398059010505676,0.4603031277656555,0.4603031277656555,0.0,0.0,0.0
5.924999713897705,5.8071441650390625,1.7950958013534546,0.4275568127632141,0.4275568127632141,0.023169392719864845,0.0,2316936.5,0.32948604226112366,0.5925177335739136,0.5925177335739136,0.0,0.0,0.0
5.949999809265137,5.808023929595947,1.8027433156967163,0.26613572239875793,0.26613572239875793,0.023339221253991127,0.0,2333921.75,0.32405343651771545,0.47767311334609985,0.47767311334609985,0.0,0.0,0.0
5.97499942779541,5.811765670776367,1.8183656930923462,0.27269190549850464,0.27269190549850464,0.02364099770784378,0.0,2364097.75,0.3190779685974121,0.37426456809043884,0.37426456809043884,0.0,0.0,0.0
5.999999523162842,5.7997145652771,1.8210488557815552,0.2710365653038025,0.2710365653038025,0.023497913032770157,0.0,2349793.25,0.31508108973503113,0.3531801402568817,0.3531801402568817,0.0,0.0,0.0
6.025000095367432,5.699145317077637,1.7703529596328735,0.2798847258090973,0.2798847258090973,0.020063823089003563,0.0,2006380.25,0.32975345849990845,0.3822590112686157,0.3822590112686157,0.0,0.0,0.0
6.050000190734863,5.6834917068481445,1.77492094039917,0.3173803389072418,0.3173803389072418,0.020069384947419167,0.0,2006935.25,0.3254169523715973,0.2990577816963196,0.2990577816963196,0.0,0.0,0.0
6.074999809265137,5.655007362365723,1.7635172605514526,0.310055673122406,0.310055673122406,0.020198823884129524,0.0,2019880.75,0.32146748900413513,0.4463810920715332,0.4463810920715332,0.0,0.0,0.0
6.099999904632568,5.641709804534912,1.7648272514343262,0.30666354298591614,0.30666354298591614,0.020225033164024353,0.0,2022503.625,0.3177856206893921,0.658935010433197,0.658935010433197,0.0,0.0,0.0
6.125,5.630982398986816,1.7727385759353638,0.2519344687461853,0.2519344687461853,0.020390532910823822,0.0,2039053.5,0.31295767426490784,1.0882807970046997,1.0882807970046997,0.0,0.0,0.0
6.150000095367432,5.625740051269531,1.789595127105713,0.238775834441185,0.238775834441185,0.020536480471491814,0.0,2053647.375,0.30855444073677063,0.40414077043533325,0.40414077043533325,0.0,0.0,0.0
6.175000190734863,5.592584609985352,1.7787262201309204,0.24799306690692902,0.24799306690692902,0.020524507388472557,0.0,2052451.625,0.3039449453353882,0.281387060880661,0.281387060880661,0.0,0.0,0.0
6.199999809265137,5.5685625076293945,1.7760138511657715,0.24255669116973877,0.24255669116973877,0.0205197986215353,0.0,2051976.875,0.2982557415962219,0.49020200967788696,0.49020200967788696,0.0,0.0,0.0
6.224999904632568,5.562544345855713,1.7877389192581177,0.24370326101779938,0.24370326101779938,0.020630331709980965,0.0,2063033.875,0.29421791434288025,0.3647705912590027,0.3647705912590027,0.0,0.0,0.0
6.25,5.5642781257629395,1.8018711805343628,0.3057917654514313,0.3057917654514313,0.02066732943058014,0.0,2066734.75,0.2938666343688965,0.2399934083223343,0.2399934083223343,0.0,0.0,0.0
6.275000095367432,5.546606063842773,1.8050379753112793,0.23941601812839508,0.23941601812839508,0.020783253014087677,0.0,2078326.625,0.2892942428588867,0.32912176847457886,0.32912176847457886,0.0,0.0,0.0
6.300000190734863,5.542622089385986,1.8144649267196655,0.2761589288711548,0.2761589288711548,0.02106384187936783,0.0,2106382.75,0.28591594099998474,0.3276582360267639,0.3276582360267639,0.0,0.0,0.0
6.324999809265137,5.532963275909424,1.8197047710418701,0.38105708360671997,0.38105708360671997,0.021048396825790405,0.0,2104840.25,0.2827077805995941,0.36317023634910583,0.36317023634910583,0.0,0.0,0.0
6.349999904632568,5.5138163566589355,1.8213433027267456,0.23844268918037415,0.23844268918037415,0.02102462388575077,0.0,2102461.75,0.27669814229011536,0.2892541289329529,0.2892541289329529,0.0,0.0,0.0
6.375,5.50317907333374,1.8294016122817993,0.26296019554138184,0.26296019554138184,0.02104860357940197,0.0,2104864.5,0.2733359634876251,0.3240033984184265,0.3240033984184265,0.0,0.0,0.0
6.400000095367432,5.496844291687012,1.8398160934448242,0.2536156475543976,0.2536156475543976,0.020950928330421448,0.0,2095090.5,0.26941683888435364,0.3212263882160187,0.3212263882160187,0.0,0.0,0.0
6.425000190734863,5.47521448135376,1.8368867635726929,0.2274143099784851,0.2274143099784851,0.021010203287005424,0.0,2101022.75,0.2662132680416107,0.41098955273628235,0.41098955273628235,0.0,0.0,0.0
6.450000286102295,5.451423645019531,1.831105351448059,0.2230873554944992,0.2230873554944992,0.021023748442530632,0.0,2102375.0,0.2624218165874481,0.2492239624261856,0.2492239624261856,0.0,0.0,0.0
6.474999904632568,5.425042152404785,1.825835108757019,0.424727201461792,0.424727201461792,0.02107820101082325,0.0,2107820.25,0.26001155376434326,0.33438733220100403,0.33438733220100403,0.0,0.0,0.0
6.5,5.405784606933594,1.8231346607208252,0.31435033679008484,0.31435033679008484,0.021170075982809067,0.0,2117007.0,0.2563397288322449,0.28707361221313477,0.28707361221313477,0.0,0.0,0.0
6.525000095367432,5.390840530395508,1.8267625570297241,0.23380842804908752,0.23380842804908752,0.021286722272634506,0.0,2128674.0,0.25277915596961975,0.27241796255111694,0.27241796255111694,0.0,0.0,0.0
6.550000190734863,5.373773097991943,1.8282755613327026,0.26541948318481445,0.26541948318481445,0.02121288888156414,0.0,2121287.0,0.25024136900901794,0.27800700068473816,0.27800700068473816,0.0,0.0,0.0
6.574999809265137,5.362584114074707,1.8310496807098389,0.22283224761486053,0.22283224761486053,0.021332155913114548,0.0,2133215.0,0.24571314454078674,0.24961401522159576,0.24961401522159576,0.0,0.0,0.0
6.599999904632568,5.3539228439331055,1.8395308256149292,0.2280885875225067,0.2280885875225067,0.021455125883221626,0.0,2145510.25,0.24368952214717865,0.3476928472518921,0.3476928472518921,0.0,0.0,0.0
6.625,5.336086750030518,1.843318223953247,0.23159721493721008,0.23159721493721008,0.02135978452861309,0.0,2135975.75,0.2415725737810135,0.32924047112464905,0.32924047112464905,0.0,0.0,0.0
6.650000095367432,5.326208591461182,1.8543391227722168,0.23388737440109253,0.23388737440109253,0.021224118769168854,0.0,2122411.75,0.23778484761714935,0.3947846591472626,0.3947846591472626,0.0,0.0,0.0
6.674999713897705,5.315074920654297,1.8601529598236084,0.2569963037967682,0.2569963037967682,0.02125135064125061,0.0,2125137.25,0.2347017228603363,0.38374826312065125,0.38374826312065125,0.0,0.0,0.0
6.699999809265137,5.296626091003418,1.8634555339813232,0.31686699390411377,0.31686699390411377,0.021161682903766632,0.0,2116170.5,0.22983068227767944,0.2819817066192627,0.2819817066192627,0.0,0.0,0.0
6.724999904632568,5.26835298538208,1.8529425859451294,0.2822383940219879,0.2822383940219879,0.02120572328567505,0.0,2120571.0,0.22776269912719727,0.3915488123893738,0.3915488123893738,0.0,0.0,0.0
6.75,5.250827789306641,1.8560364246368408,0.25260528922080994,0.25260528922080994,0.02125665731728077,0.0,2125667.0,0.22615382075309753,0.3562019467353821,0.3562019467353821,0.0,0.0,0.0
6.774999618530273,5.240231037139893,1.8588390350341797,0.2367245852947235,0.2367245852947235,0.021405864506959915,0.0,2140586.5,0.22483614087104797,0.22901718318462372,0.22901718318462372,0.0,0.0,0.0
6.799999713897705,5.2178778648376465,1.8583377599716187,0.2281622737646103,0.2281622737646103,0.021377472206950188,0.0,2137742.0,0.21947404742240906,0.3834443986415863,0.3834443986415863,0.0,0.0,0.0
6.824999809265137,5.210481643676758,1.864491581916809,0.2257157564163208,0.2257157564163208,0.021486934274435043,0.0,2148695.5,0.21756744384765625,0.3440573811531067,0.3440573811531067,0.0,0.0,0.0
6.849999904632568,5.199878215789795,1.8673889636993408,0.22762157022953033,0.22762157022953033,0.021587971597909927,0.0,2158797.0,0.21438360214233398,0.32373863458633423,0.32373863458633423,0.0,0.0,0.0
6.874999523162842,5.19813871383667,1.8760037422180176,0.23416560888290405,0.23416560888290405,0.021609464660286903,0.0,2160949.75,0.212973952293396,0.2592296302318573,0.2592296302318573,0.0,0.0,0.0
6.899999618530273,5.18089485168457,1.878379464149475,0.2696743309497833,0.2696743309497833,0.021648742258548737,0.0,2164876.25,0.20845262706279755,0.2984626889228821,0.2984626889228821,0.0,0.0,0.0
6.924999713897705,5.156458854675293,1.872760534286499,0.2867046296596527,0.2867046296596527,0.021770037710666656,0.0,2177007.25,0.20469510555267334,0.2934481203556061,0.2934481203556061,0.0,0.0,0.0
6.949999809265137,5.138925075531006,1.8697099685668945,0.2497793585062027,0.2497793585062027,0.021674010902643204,0.0,2167401.75,0.20277713239192963,0.22196979820728302,0.22196979820728302,0.0,0.0,0.0
6.97499942779541,5.1254119873046875,1.8696714639663696,0.23939159512519836,0.23939159512519836,0.02157342992722988,0.0,2157342.5,0.20009304583072662,0.2931376099586487,0.2931376099586487,0.0,0.0,0.0
6.999999523162842,5.114326477050781,1.8694902658462524,0.27303406596183777,0.27303406596183777,0.021617112681269646,0.0,2161710.75,0.19816985726356506,0.21601146459579468,0.21601146459579468,0.0,0.0,0.0
7.025000095367432,5.033754825592041,1.7993123531341553,0.30373942852020264,0.30373942852020264,0.020757362246513367,0.0,2075736.875,0.1952906996011734,0.34901750087738037,0.34901750087738037,0.0,0.0,0.0
7.050000190734863,4.998608112335205,1.796789288520813,0.24087707698345184,0.24087707698345184,0.020687170326709747,0.0,2068716.625,0.19192852079868317,0.3781830668449402,0.3781830668449402,0.0,0.0,0.0
7.074999809265137,4.966139316558838,1.7950876951217651,0.23431070148944855,0.23431070148944855,0.020568210631608963,0.0,2056819.625,0.1884407103061676,0.2782202959060669,0.2782202959060669,0.0,0.0,0.0
7.099999904632568,4.952962875366211,1.8054842948913574,0.23922865092754364,0.23922865092754364,0.02043672278523445,0.0,2043672.75,0.18576224148273468,0.2885003983974457,0.2885003983974457,0.0,0.0,0.0
7.125,4.938296794891357,1.8117457628250122,0.3613106608390808,0.3613106608390808,0.020384423434734344,0.0,2038442.5,0.18439339101314545,0.4970400631427765,0.4970400631427765,0.0,0.0,0.0
7.150000095367432,4.9095916748046875,1.8080886602401733,0.4891655445098877,0.4891655445098877,0.02044648863375187,0.0,2044650.625,0.18211182951927185,0.2358715683221817,0.2358715683221817,0.0,0.0,0.0
7.175000190734863,4.895257949829102,1.816878318786621,3.004507064819336,3.004507064819336,0.020416079089045525,0.0,2041607.125,0.17965589463710785,0.6716349720954895,0.6716349720954895,0.0,0.0,0.0
7.199999809265137,4.875800132751465,1.8251726627349854,0.24233300983905792,0.24233300983905792,0.020418355241417885,0.0,2041835.0,0.17797090113162994,0.3965553641319275,0.3965553641319275,0.0,0.0,0.0
7.224999904632568,4.856931209564209,1.826932430267334,0.2487124800682068,0.2487124800682068,0.020574381574988365,0.0,2057441.25,0.17631149291992188,0.7446004152297974,0.7446004152297974,0.0,0.0,0.0
7.25,4.825139045715332,1.8210768699645996,0.2763029932975769,0.2763029932975769,0.02054634504020214,0.0,2054631.625,0.17374657094478607,0.36490878462791443,0.36490878462791443,0.0,0.0,0.0
7.275000095367432,4.811544895172119,1.8310344219207764,0.2795221209526062,0.2795221209526062,0.020559513941407204,0.0,2055953.375,0.17213745415210724,0.24795976281166077,0.24795976281166077,0.0,0.0,0.0
7.300000190734863,4.773932933807373,1.8187353610992432,0.24484312534332275,0.24484312534332275,0.020581400021910667,0.0,2058140.75,0.16973623633384705,0.3333376944065094,0.3333376944065094,0.0,0.0,0.0
7.324999809265137,4.7598652839660645,1.831567406654358,0.26715028285980225,0.26715028285980225,0.020518776029348373,0.0,2051876.625,0.16827292740345,0.34129342436790466,0.34129342436790466,0.0,0.0,0.0
7.349999904632568,4.740367889404297,1.8409541845321655,0.24176889657974243,0.24176889657974243,0.020400583744049072,0.0,2040060.875,0.1643449068069458,0.3925691246986389,0.3925691246986389,0.0,0.0,0.0
7.375,4.711277484893799,1.8321160078048706,0.2878558039665222,0.2878558039665222,0.020320484414696693,0.0,2032047.125,0.16192179918289185,0.2360600382089615,0.2360600382089615,0.0,0.0,0.0
7.400000095367432,4.689389228820801,1.8379404544830322,0.27393093705177307,0.27393093705177307,0.0204860158264637,0.0,2048602.375,0.15979911386966705,0.3602474629878998,0.3602474629878998,0.0,0.0,0.0
7.425000190734863,4.662293434143066,1.8372505903244019,0.25413864850997925,0.25413864850997925,0.020409341901540756,0.0,2040931.625,0.15726687014102936,0.5237955451011658,0.5237955451011658,0.0,0.0,0.0
7.450000286102295,4.631048679351807,1.8313335180282593,0.273671418428421,0.273671418428421,0.020322192460298538,0.0,2032215.375,0.15570475161075592,0.23118023574352264,0.23118023574352264,0.0,0.0,0.0
7.474999904632568,4.63222599029541,1.8484224081039429,0.26086485385894775,0.26086485385894775,0.020157337188720703,0.0,2015733.25,0.15580570697784424,0.18559156358242035,0.18559156358242035,0.0,0.0,0.0
7.5,4.609977722167969,1.8444575071334839,0.2527464032173157,0.2527464032173157,0.020231999456882477,0.0,2023197.125,0.15582652390003204,0.369178831577301,0.369178831577301,0.0,0.0,0.0
7.525000095367432,4.599450588226318,1.8499464988708496,0.2646259069442749,0.2646259069442749,0.02025173418223858,0.0,2025172.0,0.1564711332321167,0.27692386507987976,0.27692386507987976,0.0,0.0,0.0
7.550000190734863,4.581267833709717,1.8576254844665527,0.3087886571884155,0.3087886571884155,0.020244477316737175,0.0,2024446.625,0.15609142184257507,0.2879236042499542,0.2879236042499542,0.0,0.0,0.0
7.574999809265137,4.559333324432373,1.861380934715271,0.2650621831417084,0.2650621831417084,0.020127251744270325,0.0,2012724.0,0.15296708047389984,0.2931724190711975,0.2931724190711975,0.0,0.0,0.0
7.599999904632568,4.543857574462891,1.867454171180725,0.25832000374794006,0.25832000374794006,0.01998366229236126,0.0,1998365.75,0.15134195983409882,0.278449684381485,0.278449684381485,0.0,0.0,0.0
7.625,4.528369426727295,1.8764671087265015,0.26002323627471924,0.26002323627471924,0.01987486146390438,0.0,1987487.5,0.15053488314151764,0.37817177176475525,0.37817177176475525,0.0,0.0,0.0
7.650000095367432,4.511436462402344,1.8823144435882568,0.2823519706726074,0.2823519706726074,0.019958922639489174,0.0,1995893.25,0.14907380938529968,0.4141411781311035,0.4141411781311035,0.0,0.0,0.0
7.674999713897705,4.472437858581543,1.8702735900878906,0.29840585589408875,0.29840585589408875,0.019828639924526215,0.0,1982864.625,0.1466515213251114,0.2729361653327942,0.2729361653327942,0.0,0.0,0.0
7.699999809265137,4.453049182891846,1.8697105646133423,0.3012762665748596,0.3012762665748596,0.019795361906290054,0.0,1979536.25,0.14568780362606049,0.21394947171211243,0.21394947171211243,0.0,0.0,0.0
7.724999904632568,4.441151142120361,1.88517427444458,0.38084888458251953,0.38084888458251953,0.019765470176935196,0.0,1976546.125,0.14365984499454498,0.25915542244911194,0.25915542244911194,0.0,0.0,0.0
7.75,4.429851531982422,1.8900424242019653,0.5153912901878357,0.5153912901878357,0.019795916974544525,0.0,1979591.5,0.14277301728725433,0.3673340976238251,0.3673340976238251,0.0,0.0,0.0
7.774999618530273,4.391828536987305,1.8824094533920288,0.30395954847335815,0.30395954847335815,0.0199469905346632,0.0,1994695.25,0.1412004679441452,0.2848455607891083,0.2848455607891083,0.0,0.0,0.0
7.799999713897705,4.3893609046936035,1.8955035209655762,0.30017364025115967,0.30017364025115967,0.01995537430047989,0.0,1995536.5,0.14216016232967377,0.23924632370471954,0.23924632370471954,0.0,0.0,0.0
7.824999809265137,4.3732008934021,1.9090241193771362,0.28522107005119324,0.28522107005119324,0.01998330093920231,0.0,1998331.75,0.13977883756160736,0.49664321541786194,0.49664321541786194,0.0,0.0,0.0
7.849999904632568,4.353097438812256,1.9132723808288574,0.29520025849342346,0.29520025849342346,0.01993330754339695,0.0,1993330.5,0.13825692236423492,0.6298911571502686,0.6298911571502686,0.0,0.0,0.0
7.874999523162842,4.319862365722656,1.9044263362884521,0.3929092586040497,0.3929092586040497,0.01994023658335209,0.0,1994022.75,0.1375102996826172,0.35766923427581787,0.35766923427581787,0.0,0.0,0.0
7.899999618530273,4.2949137687683105,1.8989558219909668,0.5694098472595215,0.5694098472595215,0.019977852702140808,0.0,1997785.0,0.13854476809501648,0.2698655426502228,0.2698655426502228,0.0,0.0,0.0
7.924999713897705,4.288205623626709,1.9138331413269043,0.32495081424713135,0.32495081424713135,0.02002093568444252,0.0,2002095.125,0.13663199543952942,0.18968552350997925,0.18968552350997925,0.0,0.0,0.0
7.949999809265137,4.257372856140137,1.9093632698059082,0.3679068982601166,0.3679068982601166,0.019907169044017792,0.0,1990716.5,0.13725720345973969,0.24596208333969116,0.24596208333969116,0.0,0.0,0.0
7.97499942779541,4.232269763946533,1.9049893617630005,0.3289843797683716,0.3289843797683716,0.019835932180285454,0.0,1983599.0,0.13639119267463684,1.041815161705017,1.041815161705017,0.0,0.0,0.0
7.999999523162842,4.197878360748291,1.894938349723816,0.3151663541793823,0.3151663541793823,0.019939925521612167,0.0,1993993.625,0.13433308899402618,0.16056157648563385,0.16056157648563385,0.0,0.0,0.0
8.024999618530273,4.0787272453308105,1.8388018608093262,0.36040109395980835,0.36040109395980835,0.024030881002545357,0.0,2403086.75,0.14085282385349274,0.2886280417442322,0.2886280417442322,0.0,0.0,0.0
8.050000190734863,4.049179553985596,1.8389737606048584,0.3706103563308716,0.3706103563308716,0.023866593837738037,0.0,2386659.25,0.14004603028297424,1.1672327518463135,1.1672327518463135,0.0,0.0,0.0
8.074999809265137,4.020453453063965,1.839580774307251,0.3229278326034546,0.3229278326034546,0.023696869611740112,0.0,2369686.75,0.1391524225473404,0.36980104446411133,0.36980104446411133,0.0,0.0,0.0
8.100000381469727,3.975972890853882,1.8220105171203613,1.3773914575576782,1.3773914575576782,0.023648159578442574,0.0,2364819.0,0.13833867013454437,0.22023272514343262,0.22023272514343262,0.0,0.0,0.0
8.125,3.949065923690796,1.8184747695922852,0.37678244709968567,0.37678244709968567,0.02344345487654209,0.0,2344344.5,0.1374509632587433,0.45094621181488037,0.45094621181488037,0.0,0.0,0.0
8.149999618530273,3.9148025512695312,1.8182690143585205,0.35681235790252686,0.35681235790252686,0.02352677844464779,0.0,2352681.0,0.13561412692070007,1.1062825918197632,1.1062825918197632,0.0,0.0,0.0
8.175000190734863,3.8959102630615234,1.8171603679656982,0.31174400448799133,0.31174400448799133,0.023456275463104248,0.0,2345627.75,0.13504821062088013,0.27095285058021545,0.27095285058021545,0.0,0.0,0.0
8.199999809265137,3.8627126216888428,1.8089160919189453,0.3099045753479004,0.3099045753479004,0.023449286818504333,0.0,2344927.5,0.1346813291311264,0.28057581186294556,0.28057581186294556,0.0,0.0,0.0
8.225000381469727,3.826559066772461,1.7956814765930176,0.3111588656902313,0.3111588656902313,0.02353731542825699,0.0,2353731.0,0.13549689948558807,0.18940819799900055,0.18940819799900055,0.0,0.0,0.0
8.25,3.801788806915283,1.8007776737213135,0.33410608768463135,0.33410608768463135,0.02348828688263893,0.0,2348827.0,0.13575619459152222,10.230934143066406,10.230934143066406,0.0,0.0,0.0
8.274999618530273,3.763256072998047,1.7902714014053345,0.3697627782821655,0.3697627782821655,0.023449759930372238,0.0,2344976.75,0.13485172390937805,0.38060957193374634,0.38060957193374634,0.0,0.0,0.0
8.300000190734863,3.7424168586730957,1.7880295515060425,0.4678104817867279,0.4678104817867279,0.023419925943017006,0.0,2341994.0,0.1338283121585846,0.31756219267845154,0.31756219267845154,0.0,0.0,0.0
8.324999809265137,3.6999588012695312,1.7769384384155273,0.5179515480995178,0.5179515480995178,0.023355044424533844,0.0,2335501.75,0.13456633687019348,0.21238689124584198,0.21238689124584198,0.0,0.0,0.0
8.350000381469727,3.679546356201172,1.7727974653244019,0.32677990198135376,0.32677990198135376,0.023389361798763275,0.0,2338939.5,0.135125994682312,0.2700575590133667,0.2700575590133667,0.0,0.0,0.0
8.375,3.644014596939087,1.768107533454895,0.3344232141971588,0.3344232141971588,0.023228950798511505,0.0,2322892.0,0.1347859650850296,0.25934866070747375,0.25934866070747375,0.0,0.0,0.0
8.399999618530273,3.613982915878296,1.7635658979415894,0.30961206555366516,0.30961206555366516,0.023250658065080643,0.0,2325066.25,0.13442979753017426,0.19360114634037018,0.19360114634037018,0.0,0.0,0.0
8.425000190734863,3.5842316150665283,1.7580422163009644,0.3069554567337036,0.3069554567337036,0.023384490981698036,0.0,2338448.75,0.13553744554519653,0.21734866499900818,0.21734866499900818,0.0,0.0,0.0
8.449999809265137,3.5562057495117188,1.7491403818130493,0.3529811203479767,0.3529811203479767,0.023340433835983276,0.0,2334048.25,0.1362379938364029,0.3712485432624817,0.3712485432624817,0.0,0.0,0.0
8.475000381469727,3.536043882369995,1.7560817003250122,0.36593058705329895,0.36593058705329895,0.023180609568953514,0.0,2318060.5,0.13514778017997742,0.21289746463298798,0.21289746463298798,0.0,0.0,0.0
8.5,3.507793664932251,1.7541694641113281,0.362194299697876,0.362194299697876,0.023081695660948753,0.0,2308171.0,0.13479216396808624,0.23133233189582825,0.23133233189582825,0.0,0.0,0.0
8.524999618530273,3.4875242710113525,1.748821496963501,0.5213600397109985,0.5213600397109985,0.02281869202852249,0.0,2281869.0,0.1366928517818451,0.35776886343955994,0.35776886343955994,0.0,0.0,0.0
8.550000190734863,3.4672157764434814,1.7491984367370605,0.5415127277374268,0.5415127277374268,0.022930271923542023,0.0,2293027.25,0.13693422079086304,0.1851998120546341,0.1851998120546341,0.0,0.0,0.0
8.574999809265137,3.4334278106689453,1.7386784553527832,6.035693168640137,6.035693168640137,0.02289552427828312,0.0,2289549.25,0.13594838976860046,0.31972768902778625,0.31972768902778625,0.0,0.0,0.0
8.600000381469727,3.389486312866211,1.7177525758743286,0.5267252922058105,0.5267252922058105,0.022787844762206078,0.0,2278786.0,0.13478554785251617,0.20827168226242065,0.20827168226242065,0.0,0.0,0.0
8.625,3.374716281890869,1.7238425016403198,0.9778591990470886,0.9778591990470886,0.022734234109520912,0.0,2273424.25,0.13542340695858002,0.33788540959358215,0.33788540959358215,0.0,0.0,0.0
8.649999618530273,3.343618631362915,1.7149709463119507,0.4355795979499817,0.4355795979499817,0.022593408823013306,0.0,2259340.5,0.13595344126224518,0.6354678273200989,0.6354678273200989,0.0,0.0,0.0
8.675000190734863,3.310173273086548,1.7091103792190552,0.5470984578132629,0.5470984578132629,0.02274986542761326,0.0,2274985.75,0.13610602915287018,0.2576022744178772,0.2576022744178772,0.0,0.0,0.0
8.699999809265137,3.2847325801849365,1.7021578550338745,0.3998558819293976,0.3998558819293976,0.022707540541887283,0.0,2270751.5,0.13649418950080872,0.7925012707710266,0.7925012707710266,0.0,0.0,0.0
8.72499942779541,3.2494313716888428,1.6899155378341675,0.5863059759140015,0.5863059759140015,0.022870847955346107,0.0,2287081.75,0.1365818828344345,0.3036286234855652,0.3036286234855652,0.0,0.0,0.0
8.75,3.2286901473999023,1.687874674797058,0.48636892437934875,0.48636892437934875,0.022997485473752022,0.0,2299750.0,0.13794991374015808,0.17087474465370178,0.17087474465370178,0.0,0.0,0.0
8.774999618530273,3.2039191722869873,1.6874090433120728,0.39600735902786255,0.39600735902786255,0.023028019815683365,0.0,2302800.5,0.13753703236579895,0.26021456718444824,0.26021456718444824,0.0,0.0,0.0
8.800000190734863,3.1796822547912598,1.676849365234375,0.8661508560180664,0.8661508560180664,0.02296740747988224,0.0,2296738.0,0.13736392557621002,0.2300431728363037,0.2300431728363037,0.0,0.0,0.0
8.824999809265137,3.1589713096618652,1.6769202947616577,0.4893966615200043,0.4893966615200043,0.02291508950293064,0.0,2291509.0,0.13796420395374298,0.20076681673526764,0.20076681673526764,0.0,0.0,0.0
8.84999942779541,3.1261162757873535,1.66974675655365,0.8404241800308228,0.8404241800308228,0.02285744808614254,0.0,2285745.75,0.13775058090686798,0.20615606009960175,0.20615606009960175,0.0,0.0,0.0
8.875,3.101644515991211,1.659767746925354,0.4930451512336731,0.4930451512336731,0.022711625322699547,0.0,2271163.0,0.13728797435760498,0.15613369643688202,0.15613369643688202,0.0,0.0,0.0
8.899999618530273,3.0646793842315674,1.6417113542556763,0.5302519798278809,0.5302519798278809,0.022758839651942253,0.0,2275888.25,0.1367829442024231,0.14240476489067078,0.14240476489067078,0.0,0.0,0.0
8.924999237060547,3.03786301612854,1.6363074779510498,0.5120063424110413,0.5120063424110413,0.022770075127482414,0.0,2277005.5,0.13677242398262024,0.15676139295101166,0.15676139295101166,0.0,0.0,0.0
8.949999809265137,3.011913537979126,1.6352142095565796,1.2666053771972656,1.2666053771972656,0.022841794416308403,0.0,2284176.5,0.13737744092941284,0.19354821741580963,0.19354821741580963,0.0,0.0,0.0
8.97499942779541,2.9844095706939697,1.6273447275161743,282.9125671386719,282.9125671386719,0.02280808426439762,0.0,2280806.25,0.13840655982494354,0.17770177125930786,0.17770177125930786,0.0,0.0,0.0
9.0,2.95944881439209,1.6220571994781494,0.6816129684448242,0.6816129684448242,0.022830553352832794,0.0,2283054.25,0.1398725062608719,0.14741569757461548,0.14741569757461548,0.0,0.0,0.0
9.024999618530273,2.841925621032715,1.5416821241378784,0.5367700457572937,0.5367700457572937,0.024786096066236496,0.0,2478611.75,0.1445731669664383,44.32313537597656,44.32313537597656,0.0,0.0,0.0
9.050000190734863,2.818760633468628,1.531139612197876,0.4425956904888153,0.4425956904888153,0.024927770718932152,0.0,2492781.0,0.14177818596363068,0.2541780471801758,0.2541780471801758,0.0,0.0,0.0
9.074999809265137,2.7935996055603027,1.5284135341644287,0.6891968846321106,0.6891968846321106,0.024747444316744804,0.0,2474743.0,0.13762205839157104,0.17481888830661774,0.17481888830661774,0.0,0.0,0.0
9.100000381469727,2.7653419971466064,1.5161229372024536,1.4209622144699097,1.4209622144699097,0.02478357031941414,0.0,2478359.75,0.1343594342470169,0.2311020791530609,0.2311020791530609,0.0,0.0,0.0
9.125,2.7333714962005615,1.5034950971603394,0.5802736282348633,0.5802736282348633,0.024463487789034843,0.0,2446348.0,0.13172249495983124,8.848553657531738,8.848553657531738,0.0,0.0,0.0
9.149999618530273,2.7057881355285645,1.4925835132598877,0.41648560762405396,0.41648560762405396,0.0245475172996521,0.0,2454752.75,0.12888379395008087,0.19482703506946564,0.19482703506946564,0.0,0.0,0.0
9.175000190734863,2.6694750785827637,1.4653215408325195,0.48165878653526306,0.48165878653526306,0.02469787187874317,0.0,2469785.25,0.12487803399562836,0.14768388867378235,0.14768388867378235,0.0,0.0,0.0
9.199999809265137,2.6326191425323486,1.4426112174987793,0.6251298785209656,0.6251298785209656,0.024633780121803284,0.0,2463374.75,0.1220083087682724,0.20377026498317719,0.20377026498317719,0.0,0.0,0.0
9.225000381469727,2.599104404449463,1.424210786819458,0.5609304308891296,0.5609304308891296,0.02485121600329876,0.0,2485120.25,0.11795416474342346,0.1989232301712036,0.1989232301712036,0.0,0.0,0.0
9.25,2.566505193710327,1.4113024473190308,0.7751692533493042,0.7751692533493042,0.024839166551828384,0.0,2483916.0,0.11400151252746582,0.27370283007621765,0.27370283007621765,0.0,0.0,0.0
9.274999618530273,2.5332813262939453,1.3979921340942383,0.7682516574859619,0.7682516574859619,0.02465653419494629,0.0,2465653.0,0.10993542522192001,0.15564170479774475,0.15564170479774475,0.0,0.0,0.0
9.300000190734863,2.490642786026001,1.3771660327911377,1.1078710556030273,1.1078710556030273,0.024558113887906075,0.0,2455810.0,0.10693783313035965,0.47133535146713257,0.47133535146713257,0.0,0.0,0.0
9.324999809265137,2.4588606357574463,1.3671401739120483,0.44460394978523254,0.44460394978523254,0.024487977847456932,0.0,2448797.25,0.10432878136634827,0.18066944181919098,0.18066944181919098,0.0,0.0,0.0
9.350000381469727,2.4347057342529297,1.3660579919815063,1.390613317489624,1.390613317489624,0.0245065838098526,0.0,2450660.25,0.10177328437566757,0.15000054240226746,0.15000054240226746,0.0,0.0,0.0
9.375,2.397517204284668,1.3407036066055298,0.40673622488975525,0.40673622488975525,0.02448391169309616,0.0,2448391.25,0.09934929758310318,0.11364339292049408,0.11364339292049408,0.0,0.0,0.0
9.399999618530273,2.3632450103759766,1.3241469860076904,0.3732447028160095,0.3732447028160095,0.024576039984822273,0.0,2457602.75,0.09671226143836975,0.15288618206977844,0.15288618206977844,0.0,0.0,0.0
9.425000190734863,2.3369715213775635,1.3159434795379639,0.37554728984832764,0.37554728984832764,0.024427926167845726,0.0,2442790.5,0.09449880570173264,0.21762675046920776,0.21762675046920776,0.0,0.0,0.0
9.449999809265137,2.2888848781585693,1.2837488651275635,0.5102670788764954,0.5102670788764954,0.02429279312491417,0.0,2429279.0,0.09057102352380753,0.08899006992578506,0.08899006992578506,0.0,0.0,0.0
9.475000381469727,2.2565338611602783,1.2678577899932861,0.38605284690856934,0.38605284690856934,0.024446453899145126,0.0,2444644.25,0.08864383399486542,0.12274087220430374,0.12274087220430374,0.0,0.0,0.0
9.5,2.2164406776428223,1.238450288772583,0.6738525032997131,0.6738525032997131,0.024515220895409584,0.0,2451522.0,0.08597541600465775,0.08163560926914215,0.08163560926914215,0.0,0.0,0.0
9.524999618530273,2.17914080619812,1.218224287033081,0.4804602265357971,0.4804602265357971,0.02428560145199299,0.0,2428562.0,0.08356615155935287,0.0867898240685463,0.0867898240685463,0.0,0.0,0.0
9.550000190734863,2.153164863586426,1.2098032236099243,0.39187267422676086,0.39187267422676086,0.02435237355530262,0.0,2435238.25,0.08138565719127655,0.08294793218374252,0.08294793218374252,0.0,0.0,0.0
9.574999809265137,2.1242151260375977,1.1971454620361328,0.4094274342060089,0.4094274342060089,0.024383561685681343,0.0,2438354.25,0.07935600727796555,0.07565441727638245,0.07565441727638245,0.0,0.0,0.0
9.600000381469727,2.097383975982666,1.1854087114334106,0.502631425857544,0.502631425857544,0.024490274488925934,0.0,2449027.25,0.0777992382645607,0.08891317248344421,0.08891317248344421,0.0,0.0,0.0
9.625,2.0483107566833496,1.1444549560546875,0.4363940358161926,0.4363940358161926,0.024277213960886,0.0,2427720.5,0.07637401670217514,0.26662784814834595,0.26662784814834595,0.0,0.0,0.0
9.649999618530273,2.0069339275360107,1.1179072856903076,0.3406131863594055,0.3406131863594055,0.02443472482264042,0.0,2443468.25,0.07432524114847183,0.0779990404844284,0.0779990404844284,0.0,0.0,0.0
9.675000190734863,1.9858918190002441,1.1084306240081787,0.33023056387901306,0.33023056387901306,0.024641666561365128,0.0,2464167.25,0.07303474098443985,0.16315212845802307,0.16315212845802307,0.0,0.0,0.0
9.699999809265137,1.9529049396514893,1.0871764421463013,0.3678257167339325,0.3678257167339325,0.024741871282458305,0.0,2474187.5,0.07215006649494171,0.06308430433273315,0.06308430433273315,0.0,0.0,0.0
9.72499942779541,1.9238969087600708,1.0714889764785767,0.39863020181655884,0.39863020181655884,0.02467600628733635,0.0,2467601.25,0.07110317796468735,0.07092930376529694,0.07092930376529694,0.0,0.0,0.0
9.75,1.8967058658599854,1.0614533424377441,0.733611524105072,0.733611524105072,0.024611737579107285,0.0,2461179.75,0.07076369971036911,0.13105550408363342,0.13105550408363342,0.0,0.0,0.0
9.774999618530273,1.8747005462646484,1.0619335174560547,1.0742347240447998,1.0742347240447998,0.024950208142399788,0.0,2495020.5,0.07025885581970215,0.05631488189101219,0.05631488189101219,0.0,0.0,0.0
9.800000190734863,1.842177152633667,1.0480705499649048,0.5600162148475647,0.5600162148475647,0.02500392310321331,0.0,2500389.0,0.06985757499933243,0.06588292866945267,0.06588292866945267,0.0,0.0,0.0
9.824999809265137,1.8119603395462036,1.0364986658096313,0.3894030451774597,0.3894030451774597,0.02511758916079998,0.0,2511763.5,0.06961873173713684,0.056639377027750015,0.056639377027750015,0.0,0.0,0.0
9.84999942779541,1.7866276502609253,1.0290428400039673,0.3690086305141449,0.3690086305141449,0.025138001888990402,0.0,2513802.75,0.070247121155262,0.07934632897377014,0.07934632897377014,0.0,0.0,0.0
9.875,1.7571355104446411,1.0168548822402954,27.701215744018555,27.701215744018555,0.025254394859075546,0.0,2525437.5,0.07066622376441956,0.1338043361902237,0.1338043361902237,0.0,0.0,0.0
9.899999618530273,1.7293972969055176,1.0085694789886475,0.48826634883880615,0.48826634883880615,0.025083545595407486,0.0,2508360.0,0.07221254706382751,0.2794669270515442,0.2794669270515442,0.0,0.0,0.0
9.924999237060547,1.6887083053588867,0.9789111614227295,0.3959043025970459,0.3959043025970459,0.025286536663770676,0.0,2528653.75,0.0727958083152771,0.08691408485174179,0.08691408485174179,0.0,0.0,0.0
9.949999809265137,1.6629955768585205,0.9733591079711914,0.49173787236213684,0.49173787236213684,0.025210630148649216,0.0,2521060.5,0.07432105392217636,0.07751765847206116,0.07751765847206116,0.0,0.0,0.0
9.97499942779541,1.6420518159866333,0.9695842266082764,0.7498534321784973,0.7498534321784973,0.02490992471575737,0.0,2490995.5,0.07626733928918839,0.11738115549087524,0.11738115549087524,0.0,0.0,0.0
10.0,1.6104295253753662,0.9527403116226196,0.3733278214931488,0.3733278214931488,0.025104233995079994,0.0,2510422.5,0.07821018248796463,0.08999408781528473,0.08999408781528473,0.0,0.0,0.0
10.024999618530273,1.467198371887207,0.8358998894691467,0.3727526068687439,0.3727526068687439,0.023710399866104126,0.0,2371042.25,0.07811607420444489,0.07425199449062347,0.07425199449062347,0.0,0.0,0.0
10.050000190734863,1.416414737701416,0.801521897315979,0.5185967087745667,0.5185967087745667,0.023520128801465034,0.0,2352011.75,0.07642791420221329,0.07215148955583572,0.07215148955583572,0.0,0.0,0.0
10.074999809265137,1.3805651664733887,0.7877214550971985,0.33717110753059387,0.33717110753059387,0.023671133443713188,0.0,2367110.5,0.07615353167057037,0.12639747560024261,0.12639747560024261,0.0,0.0,0.0
10.100000381469727,1.340747594833374,0.7685256004333496,0.34749215841293335,0.34749215841293335,0.023550644516944885,0.0,2355064.0,0.07509955018758774,0.11874064058065414,0.11874064058065414,0.0,0.0,0.0
10.125,1.3109874725341797,0.7668885588645935,0.3991677761077881,0.3991677761077881,0.02328510954976082,0.0,2328509.5,0.07486522942781448,0.08642302453517914,0.08642302453517914,0.0,0.0,0.0
10.149999618530273,1.278335452079773,0.753631055355072,0.3693830668926239,0.3693830668926239,0.023479627445340157,0.0,2347964.0,0.07456345111131668,0.10600297152996063,0.10600297152996063,0.0,0.0,0.0
10.175000190734863,1.2465602159500122,0.7412092685699463,0.3464161455631256,0.3464161455631256,0.023546390235424042,0.0,2354639.75,0.07355335354804993,0.11560142040252686,0.11560142040252686,0.0,0.0,0.0
10.199999809265137,1.216135025024414,0.7309978008270264,0.2961134612560272,0.2961134612560272,0.023518292233347893,0.0,2351828.75,0.07378265261650085,0.15615589916706085,0.15615589916706085,0.0,0.0,0.0
10.225000381469727,1.1784579753875732,0.7131555080413818,0.3118923008441925,0.3118923008441925,0.023424413055181503,0.0,2342441.25,0.07328473031520844,0.10234348475933075,0.10234348475933075,0.0,0.0,0.0
10.25,1.1472325325012207,0.7037127614021301,0.28629645705223083,0.28629645705223083,0.023388946428894997,0.0,2338892.25,0.07342089712619781,0.17232543230056763,0.17232543230056763,0.0,0.0,0.0
10.274999618530273,1.1137182712554932,0.689990758895874,0.3847498595714569,0.3847498595714569,0.023154690861701965,0.0,2315469.0,0.07272738218307495,0.1853884607553482,0.1853884607553482,0.0,0.0,0.0
10.300000190734863,1.0798910856246948,0.6741187572479248,0.27640828490257263,0.27640828490257263,0.022961217910051346,0.0,2296121.75,0.07270392775535583,0.17423221468925476,0.17423221468925476,0.0,0.0,0.0
10.324999809265137,1.036641240119934,0.6447665691375732,0.23784120380878448,0.23784120380878448,0.02290351688861847,0.0,2290351.25,0.07139413058757782,0.15714973211288452,0.15714973211288452,0.0,0.0,0.0
10.350000381469727,1.0042099952697754,0.6254705786705017,0.327960729598999,0.327960729598999,0.02311312034726143,0.0,2311313.75,0.07102556526660919,0.1624794602394104,0.1624794602394104,0.0,0.0,0.0
10.375,0.9659627676010132,0.599751353263855,0.22263549268245697,0.22263549268245697,0.023209664970636368,0.0,2320967.75,0.07017699629068375,0.10613760352134705,0.10613760352134705,0.0,0.0,0.0
10.399999618530273,0.9326172471046448,0.588269829750061,0.39155781269073486,0.39155781269073486,0.023326784372329712,0.0,2332675.25,0.07078094780445099,0.1587553173303604,0.1587553173303604,0.0,0.0,0.0
10.425000190734863,0.9102979302406311,0.5926083922386169,0.21605338156223297,0.21605338156223297,0.023438800126314163,0.0,2343883.25,0.07242713123559952,0.13866972923278809,0.13866972923278809,0.0,0.0,0.0
10.449999809265137,0.8764352798461914,0.574190616607666,0.307033509016037,0.307033509016037,0.023359399288892746,0.0,2335939.75,0.07154371589422226,0.2128106653690338,0.2128106653690338,0.0,0.0,0.0
10.475000381469727,0.8425521850585938,0.5577264428138733,0.24736887216567993,0.24736887216567993,0.023202862590551376,0.0,2320288.0,0.07136433571577072,0.8406604528427124,0.8406604528427124,0.0,0.0,0.0
10.5,0.8068579435348511,0.5408080220222473,0.5566735863685608,0.5566735863685608,0.02308119274675846,0.0,2308119.75,0.07058657705783844,0.11751184612512589,0.11751184612512589,0.0,0.0,0.0
10.524999618530273,0.7765997648239136,0.525909960269928,0.16527920961380005,0.16527920961380005,0.023382635787129402,0.0,2338268.25,0.07021692395210266,0.1340266615152359,0.1340266615152359,0.0,0.0,0.0
10.550000190734863,0.7493742108345032,0.519887387752533,0.1499975025653839,0.1499975025653839,0.023430990055203438,0.0,2343099.5,0.07083010673522949,0.1174376979470253,0.1174376979470253,0.0,0.0,0.0
10.574999809265137,0.7209424376487732,0.5131504535675049,0.14793120324611664,0.14793120324611664,0.023575687780976295,0.0,2357569.75,0.07113298773765564,0.1478167325258255,0.1478167325258255,0.0,0.0,0.0
10.600000381469727,0.6940959692001343,0.51492840051651,0.15917298197746277,0.15917298197746277,0.023588286712765694,0.0,2358829.25,0.0725192204117775,0.11106418818235397,0.11106418818235397,0.0,0.0,0.0
10.625,0.6673371195793152,0.5141173005104065,0.1746583729982376,0.1746583729982376,0.023619631305336952,0.0,2361961.75,0.07341564446687698,0.11533834785223007,0.11533834785223007,0.0,0.0,0.0
10.649999618530273,0.6329042911529541,0.502399742603302,0.16411620378494263,0.16411620378494263,0.023657312616705894,0.0,2365731.0,0.07360296696424484,0.16703730821609497,0.16703730821609497,0.0,0.0,0.0
10.675000190734863,0.6021060347557068,0.49286091327667236,0.13458043336868286,0.13458043336868286,0.02392207644879818,0.0,2392206.75,0.07394295930862427,0.2471393644809723,0.2471393644809723,0.0,0.0,0.0
10.699999809265137,0.5773476958274841,0.4970761835575104,0.12374085932970047,0.12374085932970047,0.024035869166254997,0.0,2403590.75,0.07561501115560532,0.15182578563690186,0.15182578563690186,0.0,0.0,0.0
10.72499942779541,0.5419343709945679,0.4810757637023926,0.12354837357997894,0.12354837357997894,0.023861443623900414,0.0,2386144.0,0.07559456676244736,0.27151891589164734,0.27151891589164734,0.0,0.0,0.0
10.75,0.5155286192893982,0.4716537892818451,0.13174092769622803,0.13174092769622803,0.023916935548186302,0.0,2391691.75,0.0758441686630249,0.21116040647029877,0.21116040647029877,0.0,0.0,0.0
10.774999618530273,0.48936790227890015,0.4706019163131714,0.34486913681030273,0.34486913681030273,0.02377430908381939,0.0,2377431.25,0.07681746780872345,0.15305204689502716,0.15305204689502716,0.0,0.0,0.0
10.800000190734863,0.46250760555267334,0.46190041303634644,0.12787453830242157,0.12787453830242157,0.023770777508616447,0.0,2377075.25,0.07659976184368134,0.1200413927435875,0.1200413927435875,0.0,0.0,0.0
10.824999809265137,0.43329501152038574,0.44950971007347107,0.13761036098003387,0.13761036098003387,0.023882688954472542,0.0,2388268.0,0.07633175700902939,0.13774065673351288,0.13774065673351288,0.0,0.0,0.0
10.84999942779541,0.4139936566352844,0.44849976897239685,0.1678953915834427,0.1678953915834427,0.023897256702184677,0.0,2389726.0,0.0774337649345398,0.15671561658382416,0.15671561658382416,0.0,0.0,0.0
10.875,0.3867657482624054,0.43446606397628784,0.33286404609680176,0.33286404609680176,0.02424916997551918,0.0,2424917.0,0.0770002007484436,0.42471399903297424,0.42471399903297424,0.0,0.0,0.0
10.899999618530273,0.36319002509117126,0.42388635873794556,0.17947135865688324,0.17947135865688324,0.024004347622394562,0.0,2400435.5,0.07743076980113983,0.4094318151473999,0.4094318151473999,0.0,0.0,0.0
10.924999237060547,0.3437657952308655,0.42036116123199463,0.1218099594116211,0.1218099594116211,0.02437034249305725,0.0,2437035.75,0.07860821485519409,0.5622789859771729,0.5622789859771729,0.0,0.0,0.0
10.949999809265137,0.33520832657814026,0.42959466576576233,0.13190045952796936,0.13190045952796936,0.02427697740495205,0.0,2427697.5,0.08020815998315811,0.1503322869539261,0.1503322869539261,0.0,0.0,0.0
10.97499942779541,0.3260710537433624,0.43642598390579224,0.15698403120040894,0.15698403120040894,0.024402858689427376,0.0,2440287.5,0.08099550753831863,0.2718716263771057,0.2718716263771057,0.0,0.0,0.0
11.0,0.31090256571769714,0.4268130958080292,0.11664728820323944,0.11664728820323944,0.024202939122915268,0.0,2420293.0,0.0806993842124939,0.16987070441246033,0.16987070441246033,0.0,0.0,0.0
11.024999618530273,0.2457139641046524,0.3201271593570709,0.31797268986701965,0.31797268986701965,0.015080665238201618,0.0,1508066.125,0.0468946136534214,0.10436945408582687,0.10436945408582687,0.0,0.0,0.0
11.050000190734863,0.2409106194972992,0.32062995433807373,0.10348547250032425,0.10348547250032425,0.014172382652759552,0.0,1417240.125,0.04632052034139633,0.08679699897766113,0.08679699897766113,0.0,0.0,0.0
11.074999809265137,0.23755498230457306,0.3219911456108093,0.08696306496858597,0.08696306496858597,0.01343969814479351,0.0,1343970.375,0.04576916620135307,0.07552329450845718,0.07552329450845718,0.0,0.0,0.0
11.100000381469727,0.23188552260398865,0.3228813707828522,0.09659183025360107,0.09659183025360107,0.012758233584463596,0.0,1275823.125,0.04509712755680084,0.0898108184337616,0.0898108184337616,0.0,0.0,0.0
11.125,0.2251189649105072,0.31438615918159485,0.0920785516500473,0.0920785516500473,0.012241358868777752,0.0,1224136.25,0.04397978633642197,0.14943574368953705,0.14943574368953705,0.0,0.0,0.0
11.149999618530273,0.22368720173835754,0.3122771084308624,0.15728922188282013,0.15728922188282013,0.011710111983120441,0.0,1171010.25,0.043317265808582306,0.1128528043627739,0.1128528043627739,0.0,0.0,0.0
11.175000190734863,0.22261127829551697,0.30927562713623047,0.1282394528388977,0.1282394528388977,0.011224044486880302,0.0,1122405.125,0.04268798977136612,0.1714974194765091,0.1714974194765091,0.0,0.0,0.0
11.199999809265137,0.22352111339569092,0.30891746282577515,0.1033136174082756,0.1033136174082756,0.010856282897293568,0.0,1085628.75,0.04260316118597984,0.09934376925230026,0.09934376925230026,0.0,0.0,0.0
11.225000381469727,0.2253856658935547,0.3110686242580414,0.06992095708847046,0.06992095708847046,0.01053163968026638,0.0,1053165.125,0.042555660009384155,0.25403690338134766,0.25403690338134766,0.0,0.0,0.0
11.25,0.22377565503120422,0.3099272549152374,1.174893856048584,1.174893856048584,0.010184851475059986,0.0,1018485.1875,0.04200303554534912,0.1751478612422943,0.1751478612422943,0.0,0.0,0.0
11.274999618530273,0.22176790237426758,0.3063286244869232,0.06107137352228165,0.06107137352228165,0.009891546331346035,0.0,989154.6875,0.041732050478458405,0.07708723843097687,0.07708723843097687,0.0,0.0,0.0
11.300000190734863,0.22375625371932983,0.30810052156448364,0.05461868271231651,0.05461868271231651,0.009718703106045723,0.0,971870.4375,0.04161988943815231,0.10926910489797592,0.10926910489797592,0.0,0.0,0.0
11.324999809265137,0.2253146767616272,0.31253117322921753,0.11122327297925949,0.11122327297925949,0.009518938139081001,0.0,951895.25,0.04148615151643753,0.11648435145616531,0.11648435145616531,0.0,0.0,0.0
11.350000381469727,0.2261706292629242,0.3156595230102539,0.0539172887802124,0.0539172887802124,0.009340046904981136,0.0,934004.6875,0.04114057496190071,0.08489120751619339,0.08489120751619339,0.0,0.0,0.0
11.375,0.22015580534934998,0.31161028146743774,0.049541182816028595,0.049541182816028595,0.009231536649167538,0.0,923153.5,0.040619269013404846,0.07880908250808716,0.07880908250808716,0.0,0.0,0.0
11.399999618530273,0.22188405692577362,0.3177075684070587,0.050451550632715225,0.050451550632715225,0.009142149239778519,0.0,914213.5625,0.04070250689983368,0.11351614445447922,0.11351614445447922,0.0,0.0,0.0
11.425000190734863,0.21328823268413544,0.3106992840766907,0.04783214256167412,0.04783214256167412,0.0089524295181036,0.0,895241.875,0.04052039980888367,0.12893222272396088,0.12893222272396088,0.0,0.0,0.0
11.449999809265137,0.2057727575302124,0.30405449867248535,0.04221941903233528,0.04221941903233528,0.008767256513237953,0.0,876727.0,0.03965570032596588,0.06550821661949158,0.06550821661949158,0.0,0.0,0.0
11.475000381469727,0.2019815295934677,0.3026459813117981,0.04221729934215546,0.04221729934215546,0.008668707683682442,0.0,866871.375,0.03895851597189903,0.07506326586008072,0.07506326586008072,0.0,0.0,0.0
11.5,0.1920599788427353,0.28987887501716614,0.0677865743637085,0.0677865743637085,0.008617307990789413,0.0,861730.5625,0.03791629523038864,0.06620308011770248,0.06620308011770248,0.0,0.0,0.0
11.524999618530273,0.18596123158931732,0.28424665331840515,0.04261970892548561,0.04261970892548561,0.008546306751668453,0.0,854631.25,0.03682668134570122,0.12566667795181274,0.12566667795181274,0.0,0.0,0.0
11.550000190734863,0.17688104510307312,0.2730987071990967,0.06582766771316528,0.06582766771316528,0.00848476029932499,0.0,848475.5,0.03587084263563156,0.06025467813014984,0.06025467813014984,0.0,0.0,0.0
11.574999809265137,0.16842113435268402,0.2625843584537506,0.04727518558502197,0.04727518558502197,0.00843884702771902,0.0,843885.25,0.034662097692489624,0.0628422349691391,0.0628422349691391,0.0,0.0,0.0
11.600000381469727,0.1613011509180069,0.25227609276771545,0.04857216030359268,0.04857216030359268,0.008471569046378136,0.0,847155.6875,0.03422997146844864,0.07180502265691757,0.07180502265691757,0.0,0.0,0.0
11.625,0.1533505767583847,0.24011684954166412,0.04079892858862877,0.04079892858862877,0.008405081927776337,0.0,840509.0,0.03308039903640747,0.07903864234685898,0.07903864234685898,0.0,0.0,0.0
11.649999618530273,0.14592169225215912,0.23067158460617065,0.04905731603503227,0.04905731603503227,0.008402008563280106,0.0,840201.25,0.03205068036913872,0.05335458368062973,0.05335458368062973,0.0,0.0,0.0
11.675000190734863,0.13516050577163696,0.2151658833026886,0.04860072582960129,0.04860072582960129,0.008322570472955704,0.0,832256.0,0.030576080083847046,0.07513421028852463,0.07513421028852463,0.0,0.0,0.0
11.699999809265137,0.12583106756210327,0.19893784821033478,0.04234008118510246,0.04234008118510246,0.008289054967463017,0.0,828905.9375,0.028938574716448784,0.2195337563753128,0.2195337563753128,0.0,0.0,0.0
11.72499942779541,0.11742163449525833,0.1834155023097992,0.04321213439106941,0.04321213439106941,0.008213884197175503,0.0,821388.125,0.027123378589749336,0.08692781627178192,0.08692781627178192,0.0,0.0,0.0
11.75,0.11012622714042664,0.1725742518901825,0.03261428326368332,0.03261428326368332,0.008211340755224228,0.0,821133.9375,0.02601485885679722,0.16810031235218048,0.16810031235218048,0.0,0.0,0.0
11.774999618530273,0.10458815097808838,0.16207976639270782,0.029085172340273857,0.029085172340273857,0.008221277967095375,0.0,822129.0,0.024773305281996727,0.06900013983249664,0.06900013983249664,0.0,0.0,0.0
11.800000190734863,0.09694702923297882,0.1485135853290558,0.06192632019519806,0.06192632019519806,0.008238609880208969,0.0,823859.9375,0.023151854053139687,0.16000480949878693,0.16000480949878693,0.0,0.0,0.0
11.824999809265137,0.08882791548967361,0.13586002588272095,0.02780192159116268,0.02780192159116268,0.008186555467545986,0.0,818655.3125,0.02181503362953663,0.05217079073190689,0.05217079073190689,0.0,0.0,0.0
11.84999942779541,0.07974989712238312,0.12028905004262924,0.03291826695203781,0.03291826695203781,0.008212669752538204,0.0,821266.5,0.020313004031777382,0.09378758072853088,0.09378758072853088,0.0,0.0,0.0
11.875,0.07209372520446777,0.10777145624160767,0.03919448330998421,0.03919448330998421,0.008176775649189949,0.0,817677.5625,0.018910681828856468,0.25631675124168396,0.25631675124168396,0.0,0.0,0.0
11.899999618530273,0.06337391585111618,0.0933409035205841,0.03541933745145798,0.03541933745145798,0.008217183873057365,0.0,821718.0,0.01761881448328495,0.05392680689692497,0.05392680689692497,0.0,0.0,0.0
11.924999237060547,0.05282854288816452,0.07787781208753586,0.02734159119427204,0.02734159119427204,0.008383302018046379,0.0,838330.875,0.01648988388478756,0.026458928361535072,0.026458928361535072,0.0,0.0,0.0
11.949999809265137,0.04395553097128868,0.06487299501895905,0.06442664563655853,0.06442664563655853,0.008541814051568508,0.0,854181.625,0.01548238005489111,0.2374546080827713,0.2374546080827713,0.0,0.0,0.0
11.97499942779541,0.037071820348501205,0.05209369957447052,0.020131582394242287,0.020131582394242287,0.008715318515896797,0.0,871533.625,0.014841795898973942,0.07420223951339722,0.07420223951339722,0.0,0.0,0.0
12.0,0.035886697471141815,0.0427013523876667,0.02113957516849041,0.02113957516849041,0.008836598135530949,0.0,883659.4375,0.014637213200330734,0.01784905232489109,0.01784905232489109,0.0,0.0,0.0
